,instance,log10_count_fromsolver,prec,solver,configuration,solver_conf,job,count
0,mc2026_track1_001.cnf,1.6812,"['exact', 'arb', 'int']",ganak-approx_MCC2026,ganak-approx_MCC2026,ganak-approx_MCC2026,2026-06-24_22,48
1,mc2026_track1_003.cnf,0.9031,"['exact', 'arb', 'int']",ganak-approx_MCC2026,ganak-approx_MCC2026,ganak-approx_MCC2026,2026-06-24_22,8
2,mc2026_track1_005.cnf,0.7782,"['exact', 'arb', 'int']",ganak-approx_MCC2026,ganak-approx_MCC2026,ganak-approx_MCC2026,2026-06-24_22,6
3,mc2026_track1_007.cnf,29.5114,"['exact', 'arb', 'int']",ganak-approx_MCC2026,ganak-approx_MCC2026,ganak-approx_MCC2026,2026-06-24_22,324611962730585548414761330000
4,mc2026_track1_009.cnf,20.0441,"['exact', 'arb', 'int']",ganak-approx_MCC2026,ganak-approx_MCC2026,ganak-approx_MCC2026,2026-06-24_22,110680464442257309696
5,mc2026_track1_011.cnf,140.8820,"['approx', 'arb', 'int']",ganak-approx_MCC2026,ganak-approx_MCC2026,ganak-approx_MCC2026,2026-06-24_22,762145642166990290864647761179972242614964091530466512755763697414193662314731987800187549971910153125602862112131534433344518351326401265664
6,mc2026_track1_013.cnf,722.4720,"['exact', 'arb', 'int']",ganak-approx_MCC2026,ganak-approx_MCC2026,ganak-approx_MCC2026,2026-06-24_22,296476034789978134120813694105889196637143099477633324816082314536891061330578960717457630202115461307371403034595170935724489293025075877350504677578646496935046858594479715738345467364856518143562563193206102470734007555612914096207105269178488890947743301293297650838442152727760046517446830295902003198032258606113584103529903220339673080606794891142197240305184142245671365903090895689843737237511812085698333701706561779824300625327604726460130427583460035274205809575857633345902990376717064770455839258773171510507099132110028077728160266796559445408422233980009645488034469133404238749146357925975400309760081625787339024177663736163185805751165416483569137375444258463220131699965267987276097342929294919389413376
7,mc2026_track1_015.cnf,664.6742,"['exact', 'arb', 'int']",ganak-approx_MCC2026,ganak-approx_MCC2026,ganak-approx_MCC2026,2026-06-24_22,47231357286853767522716755927596215561986116650661432804728678927314249532098526380077034785580457260247952241007887375273000474840328294138062827690568625295902758435629765020876675007650887240298461920809005107679471980423130606355155258698193159389560724524486703687418766300787462745455454840419015572190253146649400636972799438629962334231348365404499947909495159747380366091782990708788254353238300987924815581261908398640232974138357658032571267179157147109522541069514133699125447168383688965455196623597661591747482353177871522320071696622482801372011199249874325447348286802406804399292729136049684688723519643837248433295481915701800013423925974328672256
8,mc2026_track1_017.cnf,105.3672,"['approx', 'arb', 'int']",ganak-approx_MCC2026,ganak-approx_MCC2026,ganak-approx_MCC2026,2026-06-24_22,2329334531322575920387899440252526960267540070079984457146128105103798042604843360400294243649665892352000
9,mc2026_track1_019.cnf,83.9771,"['exact', 'arb', 'int']",ganak-approx_MCC2026,ganak-approx_MCC2026,ganak-approx_MCC2026,2026-06-24_22,948731481813003893206929197567363893059348940398470365088269067920407148829343744000
10,mc2026_track1_021.cnf,19.5781,"['exact', 'arb', 'int']",ganak-approx_MCC2026,ganak-approx_MCC2026,ganak-approx_MCC2026,2026-06-24_22,37854886389693351111
11,mc2026_track1_023.cnf,8.6525,"['exact', 'arb', 'int']",ganak-approx_MCC2026,ganak-approx_MCC2026,ganak-approx_MCC2026,2026-06-24_22,449260070
12,mc2026_track1_025.cnf,,,ganak-approx_MCC2026,ganak-approx_MCC2026,ganak-approx_MCC2026,2026-06-24_22,nan
13,mc2026_track1_027.cnf,0.6021,"['exact', 'arb', 'int']",ganak-approx_MCC2026,ganak-approx_MCC2026,ganak-approx_MCC2026,2026-06-24_22,4
14,mc2026_track1_029.cnf,,,ganak-approx_MCC2026,ganak-approx_MCC2026,ganak-approx_MCC2026,2026-06-24_22,nan
15,mc2026_track1_031.cnf,2.3324,"['exact', 'arb', 'int']",ganak-approx_MCC2026,ganak-approx_MCC2026,ganak-approx_MCC2026,2026-06-24_22,215
16,mc2026_track1_033.cnf,,,ganak-approx_MCC2026,ganak-approx_MCC2026,ganak-approx_MCC2026,2026-06-24_22,nan
17,mc2026_track1_035.cnf,7.2198,"['exact', 'arb', 'int']",ganak-approx_MCC2026,ganak-approx_MCC2026,ganak-approx_MCC2026,2026-06-24_22,16588420
18,mc2026_track1_037.cnf,6.0914,"['exact', 'arb', 'int']",ganak-approx_MCC2026,ganak-approx_MCC2026,ganak-approx_MCC2026,2026-06-24_22,1234116
19,mc2026_track1_039.cnf,11.4469,"['exact', 'arb', 'int']",ganak-approx_MCC2026,ganak-approx_MCC2026,ganak-approx_MCC2026,2026-06-24_22,279857462060
20,mc2026_track1_041.cnf,20.7514,"['exact', 'arb', 'int']",ganak-approx_MCC2026,ganak-approx_MCC2026,ganak-approx_MCC2026,2026-06-24_22,564153552511417968750
21,mc2026_track1_043.cnf,11.8686,"['exact', 'arb', 'int']",ganak-approx_MCC2026,ganak-approx_MCC2026,ganak-approx_MCC2026,2026-06-24_22,738969640920
22,mc2026_track1_045.cnf,10.5097,"['exact', 'arb', 'int']",ganak-approx_MCC2026,ganak-approx_MCC2026,ganak-approx_MCC2026,2026-06-24_22,32334741710
23,mc2026_track1_047.cnf,,,ganak-approx_MCC2026,ganak-approx_MCC2026,ganak-approx_MCC2026,2026-06-24_22,nan
24,mc2026_track1_049.cnf,13.1116,"['exact', 'arb', 'int']",ganak-approx_MCC2026,ganak-approx_MCC2026,ganak-approx_MCC2026,2026-06-24_22,12930673567682
25,mc2026_track1_051.cnf,15.5306,"['exact', 'arb', 'int']",ganak-approx_MCC2026,ganak-approx_MCC2026,ganak-approx_MCC2026,2026-06-24_22,3393485555651045
26,mc2026_track1_053.cnf,12.8343,"['exact', 'arb', 'int']",ganak-approx_MCC2026,ganak-approx_MCC2026,ganak-approx_MCC2026,2026-06-24_22,6827710664219
27,mc2026_track1_055.cnf,16.2556,"['exact', 'arb', 'int']",ganak-approx_MCC2026,ganak-approx_MCC2026,ganak-approx_MCC2026,2026-06-24_22,18014398509481984
28,mc2026_track1_057.cnf,22.2762,"['exact', 'arb', 'int']",ganak-approx_MCC2026,ganak-approx_MCC2026,ganak-approx_MCC2026,2026-06-24_22,18889465931478580854784
29,mc2026_track1_059.cnf,11.7402,"['exact', 'arb', 'int']",ganak-approx_MCC2026,ganak-approx_MCC2026,ganak-approx_MCC2026,2026-06-24_22,549755813888
30,mc2026_track1_061.cnf,-inf,"['exact', 'arb', 'int']",ganak-approx_MCC2026,ganak-approx_MCC2026,ganak-approx_MCC2026,2026-06-24_22,0
31,mc2026_track1_063.cnf,23.4803,"['exact', 'arb', 'int']",ganak-approx_MCC2026,ganak-approx_MCC2026,ganak-approx_MCC2026,2026-06-24_22,302231454903657293676544
32,mc2026_track1_065.cnf,3.4866,"['exact', 'arb', 'int']",ganak-approx_MCC2026,ganak-approx_MCC2026,ganak-approx_MCC2026,2026-06-24_22,3066
33,mc2026_track1_067.cnf,0.6021,"['exact', 'arb', 'int']",ganak-approx_MCC2026,ganak-approx_MCC2026,ganak-approx_MCC2026,2026-06-24_22,4
34,mc2026_track1_069.cnf,,,ganak-approx_MCC2026,ganak-approx_MCC2026,ganak-approx_MCC2026,2026-06-24_22,nan
35,mc2026_track1_071.cnf,10.4015,"['exact', 'arb', 'int']",ganak-approx_MCC2026,ganak-approx_MCC2026,ganak-approx_MCC2026,2026-06-24_22,25205389326
36,mc2026_track1_073.cnf,3.3556,"['exact', 'arb', 'int']",ganak-approx_MCC2026,ganak-approx_MCC2026,ganak-approx_MCC2026,2026-06-24_22,2268
37,mc2026_track1_075.cnf,9.8392,"['exact', 'arb', 'int']",ganak-approx_MCC2026,ganak-approx_MCC2026,ganak-approx_MCC2026,2026-06-24_22,6905169454
38,mc2026_track1_077.cnf,12.0845,"['exact', 'arb', 'int']",ganak-approx_MCC2026,ganak-approx_MCC2026,ganak-approx_MCC2026,2026-06-24_22,1214819892986
39,mc2026_track1_079.cnf,13.4870,"['exact', 'arb', 'int']",ganak-approx_MCC2026,ganak-approx_MCC2026,ganak-approx_MCC2026,2026-06-24_22,30689663761877
40,mc2026_track1_081.cnf,,,ganak-approx_MCC2026,ganak-approx_MCC2026,ganak-approx_MCC2026,2026-06-24_22,nan
41,mc2026_track1_083.cnf,,,ganak-approx_MCC2026,ganak-approx_MCC2026,ganak-approx_MCC2026,2026-06-24_22,nan
42,mc2026_track1_085.cnf,,,ganak-approx_MCC2026,ganak-approx_MCC2026,ganak-approx_MCC2026,2026-06-24_22,nan
43,mc2026_track1_087.cnf,10.2437,"['exact', 'arb', 'int']",ganak-approx_MCC2026,ganak-approx_MCC2026,ganak-approx_MCC2026,2026-06-24_22,17528422464
44,mc2026_track1_089.cnf,-inf,"['exact', 'arb', 'int']",ganak-approx_MCC2026,ganak-approx_MCC2026,ganak-approx_MCC2026,2026-06-24_22,0
45,mc2026_track1_091.cnf,-inf,"['exact', 'arb', 'int']",ganak-approx_MCC2026,ganak-approx_MCC2026,ganak-approx_MCC2026,2026-06-24_22,0
46,mc2026_track1_093.cnf,0.0000,"['exact', 'arb', 'int']",ganak-approx_MCC2026,ganak-approx_MCC2026,ganak-approx_MCC2026,2026-06-24_22,1
47,mc2026_track1_095.cnf,6.6536,"['exact', 'arb', 'int']",ganak-approx_MCC2026,ganak-approx_MCC2026,ganak-approx_MCC2026,2026-06-24_22,4503632
48,mc2026_track1_097.cnf,0.4771,"['exact', 'arb', 'int']",ganak-approx_MCC2026,ganak-approx_MCC2026,ganak-approx_MCC2026,2026-06-24_22,3
49,mc2026_track1_099.cnf,6.6536,"['exact', 'arb', 'int']",ganak-approx_MCC2026,ganak-approx_MCC2026,ganak-approx_MCC2026,2026-06-24_22,4503632
50,mc2026_track1_101.cnf,0.4771,"['exact', 'arb', 'int']",ganak-approx_MCC2026,ganak-approx_MCC2026,ganak-approx_MCC2026,2026-06-24_22,3
51,mc2026_track1_103.cnf,0.0000,"['exact', 'arb', 'int']",ganak-approx_MCC2026,ganak-approx_MCC2026,ganak-approx_MCC2026,2026-06-24_22,1
52,mc2026_track1_105.cnf,2.4594,"['exact', 'arb', 'int']",ganak-approx_MCC2026,ganak-approx_MCC2026,ganak-approx_MCC2026,2026-06-24_22,288
53,mc2026_track1_107.cnf,133.4326,"['exact', 'arb', 'int']",ganak-approx_MCC2026,ganak-approx_MCC2026,ganak-approx_MCC2026,2026-06-24_22,27074324552188263115193324525043910411466079287194737862239975111039283194478178486570350758010456761223622424071136573497534086266600
54,mc2026_track1_109.cnf,141.5562,"['exact', 'arb', 'int']",ganak-approx_MCC2026,ganak-approx_MCC2026,ganak-approx_MCC2026,2026-06-24_22,3599239755983329331332100508562451780508192148493160801718199944973008026807919208513108710328389951098075842967611059200000000000000000000000
55,mc2026_track1_111.cnf,123.4339,"['exact', 'arb', 'int']",ganak-approx_MCC2026,ganak-approx_MCC2026,ganak-approx_MCC2026,2026-06-24_22,2716090255555394786865673931721659870192662048106344246114776105307491592972573691035248570056672524173798505601634040233480
56,mc2026_track1_113.cnf,126.3777,"['exact', 'arb', 'int']",ganak-approx_MCC2026,ganak-approx_MCC2026,ganak-approx_MCC2026,2026-06-24_22,2386179727798317443182387728759025280637542166208758384036037409346857065068615755489422934430477849440649064528671759799828200
57,mc2026_track1_115.cnf,12.5872,"['exact', 'arb', 'int']",ganak-approx_MCC2026,ganak-approx_MCC2026,ganak-approx_MCC2026,2026-06-24_22,3865470566400
58,mc2026_track1_117.cnf,8.4138,"['exact', 'arb', 'int']",ganak-approx_MCC2026,ganak-approx_MCC2026,ganak-approx_MCC2026,2026-06-24_22,259288096
59,mc2026_track1_119.cnf,6.0000,"['exact', 'arb', 'int']",ganak-approx_MCC2026,ganak-approx_MCC2026,ganak-approx_MCC2026,2026-06-24_22,1000000
60,mc2026_track1_121.cnf,4.7415,"['exact', 'arb', 'int']",ganak-approx_MCC2026,ganak-approx_MCC2026,ganak-approx_MCC2026,2026-06-24_22,55143
61,mc2026_track1_123.cnf,-inf,"['exact', 'arb', 'int']",ganak-approx_MCC2026,ganak-approx_MCC2026,ganak-approx_MCC2026,2026-06-24_22,0
62,mc2026_track1_125.cnf,0.0000,"['exact', 'arb', 'int']",ganak-approx_MCC2026,ganak-approx_MCC2026,ganak-approx_MCC2026,2026-06-24_22,1
63,mc2026_track1_127.cnf,53.0487,"['approx', 'arb', 'int']",ganak-approx_MCC2026,ganak-approx_MCC2026,ganak-approx_MCC2026,2026-06-24_22,111869181327856632970982851835435663933423796501139456
64,mc2026_track1_129.cnf,5.8763,"['exact', 'arb', 'int']",ganak-approx_MCC2026,ganak-approx_MCC2026,ganak-approx_MCC2026,2026-06-24_22,752061
65,mc2026_track1_131.cnf,8.5264,"['exact', 'arb', 'int']",ganak-approx_MCC2026,ganak-approx_MCC2026,ganak-approx_MCC2026,2026-06-24_22,336067810
66,mc2026_track1_133.cnf,6.1013,"['exact', 'arb', 'int']",ganak-approx_MCC2026,ganak-approx_MCC2026,ganak-approx_MCC2026,2026-06-24_22,1262816
67,mc2026_track1_135.cnf,1.1139,"['exact', 'arb', 'int']",ganak-approx_MCC2026,ganak-approx_MCC2026,ganak-approx_MCC2026,2026-06-24_22,13
68,mc2026_track1_137.cnf,1.2553,"['exact', 'arb', 'int']",ganak-approx_MCC2026,ganak-approx_MCC2026,ganak-approx_MCC2026,2026-06-24_22,18
69,mc2026_track1_139.cnf,,,ganak-approx_MCC2026,ganak-approx_MCC2026,ganak-approx_MCC2026,2026-06-24_22,nan
70,mc2026_track1_141.cnf,,,ganak-approx_MCC2026,ganak-approx_MCC2026,ganak-approx_MCC2026,2026-06-24_22,nan
71,mc2026_track1_143.cnf,,,ganak-approx_MCC2026,ganak-approx_MCC2026,ganak-approx_MCC2026,2026-06-24_22,nan
72,mc2026_track1_145.cnf,0.0000,"['exact', 'arb', 'int']",ganak-approx_MCC2026,ganak-approx_MCC2026,ganak-approx_MCC2026,2026-06-24_22,1
73,mc2026_track1_147.cnf,4.8165,"['exact', 'arb', 'int']",ganak-approx_MCC2026,ganak-approx_MCC2026,ganak-approx_MCC2026,2026-06-24_22,65536
74,mc2026_track1_149.cnf,0.6021,"['exact', 'arb', 'int']",ganak-approx_MCC2026,ganak-approx_MCC2026,ganak-approx_MCC2026,2026-06-24_22,4
75,mc2026_track1_151.cnf,4.8165,"['exact', 'arb', 'int']",ganak-approx_MCC2026,ganak-approx_MCC2026,ganak-approx_MCC2026,2026-06-24_22,65536
76,mc2026_track1_153.cnf,0.7782,"['exact', 'arb', 'int']",ganak-approx_MCC2026,ganak-approx_MCC2026,ganak-approx_MCC2026,2026-06-24_22,6
77,mc2026_track1_155.cnf,20.4908,"['exact', 'arb', 'int']",ganak-approx_MCC2026,ganak-approx_MCC2026,ganak-approx_MCC2026,2026-06-24_22,309623079113133176160
78,mc2026_track1_157.cnf,124.0925,"['exact', 'arb', 'int']",ganak-approx_MCC2026,ganak-approx_MCC2026,ganak-approx_MCC2026,2026-06-24_22,12374748797617855764050198121191304103511416559087400449928139456888070478909044293083079786511928252392690782684663014702600
79,mc2026_track1_159.cnf,,,ganak-approx_MCC2026,ganak-approx_MCC2026,ganak-approx_MCC2026,2026-06-24_22,nan
80,mc2026_track1_161.cnf,,,ganak-approx_MCC2026,ganak-approx_MCC2026,ganak-approx_MCC2026,2026-06-24_22,nan
81,mc2026_track1_163.cnf,,,ganak-approx_MCC2026,ganak-approx_MCC2026,ganak-approx_MCC2026,2026-06-24_22,nan
82,mc2026_track1_165.cnf,119.9176,"['approx', 'arb', 'int']",ganak-approx_MCC2026,ganak-approx_MCC2026,ganak-approx_MCC2026,2026-06-24_22,827126914074712907626444988267313552940369174325059447388893813943139993694017715239201510664949457710414429770651533312
83,mc2026_track1_167.cnf,1.0000,"['exact', 'arb', 'int']",ganak-approx_MCC2026,ganak-approx_MCC2026,ganak-approx_MCC2026,2026-06-24_22,10
84,mc2026_track1_169.cnf,21.3687,"['exact', 'arb', 'int']",ganak-approx_MCC2026,ganak-approx_MCC2026,ganak-approx_MCC2026,2026-06-24_22,2337406655942795198464
85,mc2026_track1_171.cnf,6.2558,"['approx', 'arb', 'int']",ganak-approx_MCC2026,ganak-approx_MCC2026,ganak-approx_MCC2026,2026-06-24_22,1802246
86,mc2026_track1_173.cnf,6.3180,"['exact', 'arb', 'int']",ganak-approx_MCC2026,ganak-approx_MCC2026,ganak-approx_MCC2026,2026-06-24_22,2079778
87,mc2026_track1_175.cnf,,,ganak-approx_MCC2026,ganak-approx_MCC2026,ganak-approx_MCC2026,2026-06-24_22,nan
88,mc2026_track1_177.cnf,,,ganak-approx_MCC2026,ganak-approx_MCC2026,ganak-approx_MCC2026,2026-06-24_22,nan
89,mc2026_track1_179.cnf,59.2811,"['exact', 'arb', 'int']",ganak-approx_MCC2026,ganak-approx_MCC2026,ganak-approx_MCC2026,2026-06-24_22,191029877462537146700207540332399230969482128038712836096000
90,mc2026_track1_181.cnf,,,ganak-approx_MCC2026,ganak-approx_MCC2026,ganak-approx_MCC2026,2026-06-24_22,nan
91,mc2026_track1_183.cnf,,,ganak-approx_MCC2026,ganak-approx_MCC2026,ganak-approx_MCC2026,2026-06-24_22,nan
92,mc2026_track1_185.cnf,,,ganak-approx_MCC2026,ganak-approx_MCC2026,ganak-approx_MCC2026,2026-06-24_22,nan
93,mc2026_track1_187.cnf,8.1278,"['exact', 'arb', 'int']",ganak-approx_MCC2026,ganak-approx_MCC2026,ganak-approx_MCC2026,2026-06-24_22,134217728
94,mc2026_track1_189.cnf,,,ganak-approx_MCC2026,ganak-approx_MCC2026,ganak-approx_MCC2026,2026-06-24_22,nan
95,mc2026_track1_191.cnf,,,ganak-approx_MCC2026,ganak-approx_MCC2026,ganak-approx_MCC2026,2026-06-24_22,nan
96,mc2026_track1_193.cnf,,,ganak-approx_MCC2026,ganak-approx_MCC2026,ganak-approx_MCC2026,2026-06-24_22,nan
97,mc2026_track1_195.cnf,,,ganak-approx_MCC2026,ganak-approx_MCC2026,ganak-approx_MCC2026,2026-06-24_22,nan
98,mc2026_track1_197.cnf,,,ganak-approx_MCC2026,ganak-approx_MCC2026,ganak-approx_MCC2026,2026-06-24_22,nan
99,mc2026_track1_199.cnf,,,ganak-approx_MCC2026,ganak-approx_MCC2026,ganak-approx_MCC2026,2026-06-24_22,nan
