,instance,solver_conf,benchmark,verdict,status,ftype,log10_count_fromsolver,log10_est_fromsolver,count,count_type,pac-guarantees_epsilon,pac-guarantees_delta,cputime,wall_time,memory,job,fail,file,instance_long,solver,decs,prec,configuration,stdout_file,runsolver_WCTIME,runsolver_CPUTIME,runsolver_CPUUSAGE,runsolver_MAXVM,runsolver_TIMEOUT,runsolver_MEMOUT,runsolver_RETCODE,runsolver_SIGNAL,sat,lprec,rank,log10_pre,precompute,vote_count,voters,disagreed,log10_from_count_solver,log10_expected,count_expected,log10_from_count_expected,withindiff,err_afct,corr
0,mc2026_track1_001.cnf,ganak-approx_MCC2026,Track1_MC_Public,OK,ok,mc,1.6812412373755872,1.68124124,48,exact_arb_int,0.0,2.11588983e-37,0.036,0.04,0,2026-06-24_22,,mc2026_track1_001.cnf,/projects/p_mcc/mc2026-track1-mc_competition/mc2026_track1_001.cnf.xz,ganak-approx_MCC2026,sat,"['exact', 'arb', 'int']",ganak-approx_MCC2026,../../../raw/step8_eval/barnard/mc2026_solvers/MC2026_Track1_Public/config7/instance1/run1/stdout.log,0.0373381,0.035966,96.3252,0,False,False,0,0,SATISFIABLE,"['approx', 'arb', 'int']",C: Approx,1.681241237376,48,3,"d4,ganak,gpmc",False,1.6812412373759999999999999999999999999999999999999999999999999999999999999999999999999999996,1.6812412373755872,48,1.6812412373759999999999999999999999999999999999999999999999999999999999999999999999999999996,0,0.0,1.0
1,mc2026_track1_003.cnf,ganak-approx_MCC2026,Track1_MC_Public,OK,ok,mc,0.9030899869919436,0.903089987,8,exact_arb_int,0.0,0.0,0.0223,0.02,0,2026-06-24_22,,mc2026_track1_003.cnf,/projects/p_mcc/mc2026-track1-mc_competition/mc2026_track1_003.cnf.xz,ganak-approx_MCC2026,sat,"['exact', 'arb', 'int']",ganak-approx_MCC2026,../../../raw/step8_eval/barnard/mc2026_solvers/MC2026_Track1_Public/config7/instance2/run1/stdout.log,0.023155,0.022318,96.3851,0,False,False,0,0,SATISFIABLE,"['approx', 'arb', 'int']",C: Approx,0.903089986992,8,3,"d4,ganak,gpmc",False,0.90308998699199999999999999999999999999999999999999999999999999999999999999999999999999999987,0.9030899869919436,8,0.90308998699199999999999999999999999999999999999999999999999999999999999999999999999999999987,0,0.0,1.0
2,mc2026_track1_005.cnf,ganak-approx_MCC2026,Track1_MC_Public,OK,ok,mc,0.7781512503836436,0.77815125,6,exact_arb_int,0.0,0.0,0.0268,0.03,0,2026-06-24_22,,mc2026_track1_005.cnf,/projects/p_mcc/mc2026-track1-mc_competition/mc2026_track1_005.cnf.xz,ganak-approx_MCC2026,sat,"['exact', 'arb', 'int']",ganak-approx_MCC2026,../../../raw/step8_eval/barnard/mc2026_solvers/MC2026_Track1_Public/config7/instance3/run1/stdout.log,0.0278671,0.026787,96.1243,0,False,False,0,0,SATISFIABLE,"['approx', 'arb', 'int']",C: Approx,0.778151250384,6,3,"d4,ganak,gpmc",False,0.77815125038400000000000000000000000000000000000000000000000000000000000000000000000000000022,0.7781512503836436,6,0.77815125038400000000000000000000000000000000000000000000000000000000000000000000000000000022,0,0.0,1.0
3,mc2026_track1_007.cnf,ganak-approx_MCC2026,Track1_MC_Public,OK,ok,mc,29.511364520580017,29.5113645,324611962730585548414761330000,exact_arb_int,0.0,7.86747411e-28,7.2032,8.05,623828,2026-06-24_22,,mc2026_track1_007.cnf,/projects/p_mcc/mc2026-track1-mc_competition/mc2026_track1_007.cnf.xz,ganak-approx_MCC2026,sat,"['exact', 'arb', 'int']",ganak-approx_MCC2026,../../../raw/step8_eval/barnard/mc2026_solvers/MC2026_Track1_Public/config7/instance4/run1/stdout.log,8.05371,7.20318,89.4392,623828,False,False,0,0,SATISFIABLE,"['approx', 'arb', 'int']",C: Approx,29.51136452058,324611962730585548414761330000,3,"d4,ganak,gpmc",False,29.511364520579999999999999999999999999999999999999999999999999999999999999999999999999999996,29.511364520580017,324611962730585548414761330000,29.511364520579999999999999999999999999999999999999999999999999999999999999999999999999999996,0,0.0,1.0
4,mc2026_track1_009.cnf,ganak-approx_MCC2026,Track1_MC_Public,OK,ok,mc,20.04407097287844,20.044071,110680464442257309696,exact_arb_int,0.0,2.41169123e-33,2.8542,3.37,782156,2026-06-24_22,,mc2026_track1_009.cnf,/projects/p_mcc/mc2026-track1-mc_competition/mc2026_track1_009.cnf.xz,ganak-approx_MCC2026,sat,"['exact', 'arb', 'int']",ganak-approx_MCC2026,../../../raw/step8_eval/barnard/mc2026_solvers/MC2026_Track1_Public/config7/instance5/run1/stdout.log,3.37019,2.85419,84.6892,782156,False,False,0,0,SATISFIABLE,"['approx', 'arb', 'int']",C: Approx,20.044070972878,110680464442257309696,1,ganak,False,20.044070972878000000000000000000000000000000000000000000000000000000000000000000000000000004,20.04407097287844,110680464442257309696,20.044070972878000000000000000000000000000000000000000000000000000000000000000000000000000004,0,0.0,1.0
5,mc2026_track1_011.cnf,ganak-approx_MCC2026,Track1_MC_Public,OK,ok,mc,140.8820379707432,140.882038,762145642166990290864647761179972242614964091530466512755763697414193662314731987800187549971910153125602862112131534433344518351326401265664,approx_arb_int,0.8,0.2,1868.07,2014.05,7569020,2026-06-24_22,,mc2026_track1_011.cnf,/projects/p_mcc/mc2026-track1-mc_competition/mc2026_track1_011.cnf.xz,ganak-approx_MCC2026,sat,"['approx', 'arb', 'int']",ganak-approx_MCC2026,../../../raw/step8_eval/barnard/mc2026_solvers/MC2026_Track1_Public/config7/instance6/run1/stdout.log,2014.05,1868.07,92.7519,7569020,False,False,0,0,SATISFIABLE,"['approx', 'arb', 'int']",C: Approx,,,0,,False,140.88203797074300000000000000000000000000000000000000000000000000000000000000000000000000001,140.8820379707432,762145642166990290864647761179972242614964091530466512755763697414193662314731987800187549971910153125602862112131534433344518351326401265664,140.88203797074300000000000000000000000000000000000000000000000000000000000000000000000000001,0,1.0,1.0
6,mc2026_track1_013.cnf,ganak-approx_MCC2026,Track1_MC_Public,OK,ok,mc,722.471989593555,722.47199,296476034789978134120813694105889196637143099477633324816082314536891061330578960717457630202115461307371403034595170935724489293025075877350504677578646496935046858594479715738345467364856518143562563193206102470734007555612914096207105269178488890947743301293297650838442152727760046517446830295902003198032258606113584103529903220339673080606794891142197240305184142245671365903090895689843737237511812085698333701706561779824300625327604726460130427583460035274205809575857633345902990376717064770455839258773171510507099132110028077728160266796559445408422233980009645488034469133404238749146357925975400309760081625787339024177663736163185805751165416483569137375444258463220131699965267987276097342929294919389413376,exact_arb_int,0.0,2.3425500500000002e-29,9.1809,10.17,524644,2026-06-24_22,,mc2026_track1_013.cnf,/projects/p_mcc/mc2026-track1-mc_competition/mc2026_track1_013.cnf.xz,ganak-approx_MCC2026,sat,"['exact', 'arb', 'int']",ganak-approx_MCC2026,../../../raw/step8_eval/barnard/mc2026_solvers/MC2026_Track1_Public/config7/instance7/run1/stdout.log,10.1706,9.18086,90.269,524644,False,False,0,0,SATISFIABLE,"['approx', 'arb', 'int']",C: Approx,722.471989593555,296476034789978134120813694105889196637143099477633324816082314536891061330578960717457630202115461307371403034595170935724489293025075877350504677578646496935046858594479715738345467364856518143562563193206102470734007555612914096207105269178488890947743301293297650838442152727760046517446830295902003198032258606113584103529903220339673080606794891142197240305184142245671365903090895689843737237511812085698333701706561779824300625327604726460130427583460035274205809575857633345902990376717064770455839258773171510507099132110028077728160266796559445408422233980009645488034469133404238749146357925975400309760081625787339024177663736163185805751165416483569137375444258463220131699965267987276097342929294919389413376,3,"d4,ganak,gpmc",False,722.47198959355499999999999999999999999999999999999999999999999999999999999999999999999999993,722.471989593555,296476034789978134120813694105889196637143099477633324816082314536891061330578960717457630202115461307371403034595170935724489293025075877350504677578646496935046858594479715738345467364856518143562563193206102470734007555612914096207105269178488890947743301293297650838442152727760046517446830295902003198032258606113584103529903220339673080606794891142197240305184142245671365903090895689843737237511812085698333701706561779824300625327604726460130427583460035274205809575857633345902990376717064770455839258773171510507099132110028077728160266796559445408422233980009645488034469133404238749146357925975400309760081625787339024177663736163185805751165416483569137375444258463220131699965267987276097342929294919389413376,722.47198959355499999999999999999999999999999999999999999999999999999999999999999999999999993,0,0.0,1.0
7,mc2026_track1_015.cnf,ganak-approx_MCC2026,Track1_MC_Public,OK,ok,mc,664.6742304260705,664.67423,47231357286853767522716755927596215561986116650661432804728678927314249532098526380077034785580457260247952241007887375273000474840328294138062827690568625295902758435629765020876675007650887240298461920809005107679471980423130606355155258698193159389560724524486703687418766300787462745455454840419015572190253146649400636972799438629962334231348365404499947909495159747380366091782990708788254353238300987924815581261908398640232974138357658032571267179157147109522541069514133699125447168383688965455196623597661591747482353177871522320071696622482801372011199249874325447348286802406804399292729136049684688723519643837248433295481915701800013423925974328672256,exact_arb_int,0.0,2.35989307e-31,0.9412,1.29,517260,2026-06-24_22,,mc2026_track1_015.cnf,/projects/p_mcc/mc2026-track1-mc_competition/mc2026_track1_015.cnf.xz,ganak-approx_MCC2026,sat,"['exact', 'arb', 'int']",ganak-approx_MCC2026,../../../raw/step8_eval/barnard/mc2026_solvers/MC2026_Track1_Public/config7/instance8/run1/stdout.log,1.28537,0.941194,73.2239,517260,False,False,0,0,SATISFIABLE,"['approx', 'arb', 'int']",C: Approx,664.67423042607,47231357286853767522716755927596215561986116650661432804728678927314249532098526380077034785580457260247952241007887375273000474840328294138062827690568625295902758435629765020876675007650887240298461920809005107679471980423130606355155258698193159389560724524486703687418766300787462745455454840419015572190253146649400636972799438629962334231348365404499947909495159747380366091782990708788254353238300987924815581261908398640232974138357658032571267179157147109522541069514133699125447168383688965455196623597661591747482353177871522320071696622482801372011199249874325447348286802406804399292729136049684688723519643837248433295481915701800013423925974328672256,3,"d4,ganak,gpmc",False,664.67423042607000000000000000000000000000000000000000000000000000000000000000000000000000018,664.6742304260705,47231357286853767522716755927596215561986116650661432804728678927314249532098526380077034785580457260247952241007887375273000474840328294138062827690568625295902758435629765020876675007650887240298461920809005107679471980423130606355155258698193159389560724524486703687418766300787462745455454840419015572190253146649400636972799438629962334231348365404499947909495159747380366091782990708788254353238300987924815581261908398640232974138357658032571267179157147109522541069514133699125447168383688965455196623597661591747482353177871522320071696622482801372011199249874325447348286802406804399292729136049684688723519643837248433295481915701800013423925974328672256,664.67423042607000000000000000000000000000000000000000000000000000000000000000000000000000018,0,0.0,1.0
8,mc2026_track1_017.cnf,ganak-approx_MCC2026,Track1_MC_Public,OK,ok,mc,105.36723186495126,105.367232,2329334531322575920387899440252526960267540070079984457146128105103798042604843360400294243649665892352000,approx_arb_int,0.8,0.2,1861.04,2009.21,2214780,2026-06-24_22,,mc2026_track1_017.cnf,/projects/p_mcc/mc2026-track1-mc_competition/mc2026_track1_017.cnf.xz,ganak-approx_MCC2026,sat,"['approx', 'arb', 'int']",ganak-approx_MCC2026,../../../raw/step8_eval/barnard/mc2026_solvers/MC2026_Track1_Public/config7/instance9/run1/stdout.log,2009.21,1861.04,92.6254,2214780,False,False,0,0,SATISFIABLE,"['approx', 'arb', 'int']",C: Approx,,,0,,False,105.36723186495099999999999999999999999999999999999999999999999999999999999999999999999999997,105.36049847946104,2293498600504165482783263159157469338153826425591120222154315052768014439108054047569241723205358452736000,105.36049847946099999999999999999999999999999999999999999999999999999999999999999999999999997,-35835930818410437604636281095057622113713644488864234991813052335783603496789312831052520444307439616000,1.0156250100000000000000000000000000000000000000000000000000000000000000000000000000000000001,1.0
9,mc2026_track1_019.cnf,ganak-approx_MCC2026,Track1_MC_Public,OK,ok,mc,83.97714331203933,83.9771433,948731481813003893206929197567363893059348940398470365088269067920407148829343744000,exact_arb_int,0.0,8.80033846e-35,1.4023,1.99,584560,2026-06-24_22,,mc2026_track1_019.cnf,/projects/p_mcc/mc2026-track1-mc_competition/mc2026_track1_019.cnf.xz,ganak-approx_MCC2026,sat,"['exact', 'arb', 'int']",ganak-approx_MCC2026,../../../raw/step8_eval/barnard/mc2026_solvers/MC2026_Track1_Public/config7/instance10/run1/stdout.log,1.98991,1.40235,70.4731,584560,False,False,0,0,SATISFIABLE,"['approx', 'arb', 'int']",C: Approx,83.977143312039,948731481813003893206929197567363893059348940398470365088269067920407148829343744000,3,"d4,ganak,gpmc",False,83.977143312038999999999999999999999999999999999999999999999999999999999999999999999999999999,83.97714331203933,948731481813003893206929197567363893059348940398470365088269067920407148829343744000,83.977143312038999999999999999999999999999999999999999999999999999999999999999999999999999999,0,0.0,1.0
10,mc2026_track1_021.cnf,ganak-approx_MCC2026,Track1_MC_Public,OK,ok,mc,19.57812194711508,19.5781219,37854886389693351111,exact_arb_int,0.0,2.02740935e-23,154.917,167.44,6902452,2026-06-24_22,,mc2026_track1_021.cnf,/projects/p_mcc/mc2026-track1-mc_competition/mc2026_track1_021.cnf.xz,ganak-approx_MCC2026,sat,"['exact', 'arb', 'int']",ganak-approx_MCC2026,../../../raw/step8_eval/barnard/mc2026_solvers/MC2026_Track1_Public/config7/instance11/run1/stdout.log,167.437,154.917,92.5228,6902452,False,False,0,0,SATISFIABLE,"['approx', 'arb', 'int']",C: Approx,19.578121947115,37854886389693351111,2,"d4,ganak",False,19.578121947115,19.57812194711508,37854886389693351111,19.578121947115,0,0.0,1.0
11,mc2026_track1_023.cnf,ganak-approx_MCC2026,Track1_MC_Public,OK,ok,mc,8.652497820441933,8.65249782,449260070,exact_arb_int,0.0,2.08564236e-30,0.1803,0.34,516308,2026-06-24_22,,mc2026_track1_023.cnf,/projects/p_mcc/mc2026-track1-mc_competition/mc2026_track1_023.cnf.xz,ganak-approx_MCC2026,sat,"['exact', 'arb', 'int']",ganak-approx_MCC2026,../../../raw/step8_eval/barnard/mc2026_solvers/MC2026_Track1_Public/config7/instance12/run1/stdout.log,0.339424,0.180343,53.1321,516308,False,False,0,0,SATISFIABLE,"['approx', 'arb', 'int']",C: Approx,8.652497820442,449260070,3,"d4,ganak,gpmc",False,8.652497820441999999999999999999999999999999999999999999999999999999999999999999999999999998,8.652497820441933,449260070,8.652497820441999999999999999999999999999999999999999999999999999999999999999999999999999998,0,0.0,1.0
12,mc2026_track1_025.cnf,ganak-approx_MCC2026,Track1_MC_Public,TLE,TLE,,,,nan,,,,3583.93,3600.58,28525380,2026-06-24_22,,mc2026_track1_025.cnf,/projects/p_mcc/mc2026-track1-mc_competition/mc2026_track1_025.cnf.xz,ganak-approx_MCC2026,unknown,,ganak-approx_MCC2026,../../../raw/step8_eval/barnard/mc2026_solvers/MC2026_Track1_Public/config7/instance13/run1/stdout.log,3600.58,3583.93,99.5374,28525380,True,False,0,15,,"['approx', 'arb', 'int']",C: Approx,,,0,,False,,23.33033845314188,213962888944276310886074,23.330338453141999999999999999999999999999999999999999999999999999999999999999999999999999998,nan,,
13,mc2026_track1_027.cnf,ganak-approx_MCC2026,Track1_MC_Public,OK,ok,mc,0.6020599913279624,0.602059991,4,exact_arb_int,0.0,0.0,750.817,818.25,639528,2026-06-24_22,,mc2026_track1_027.cnf,/projects/p_mcc/mc2026-track1-mc_competition/mc2026_track1_027.cnf.xz,ganak-approx_MCC2026,sat,"['exact', 'arb', 'int']",ganak-approx_MCC2026,../../../raw/step8_eval/barnard/mc2026_solvers/MC2026_Track1_Public/config7/instance14/run1/stdout.log,818.248,750.817,91.7591,639528,False,False,0,0,SATISFIABLE,"['approx', 'arb', 'int']",C: Approx,0.602059991328,4,2,"d4,ganak",False,0.60205999132799999999999999999999999999999999999999999999999999999999999999999999999999999992,0.6020599913279624,4,0.60205999132799999999999999999999999999999999999999999999999999999999999999999999999999999992,0,0.0,1.0
14,mc2026_track1_029.cnf,ganak-approx_MCC2026,Track1_MC_Public,TLE,TLE,,,,nan,,,,3186.7,3600.18,1673288,2026-06-24_22,,mc2026_track1_029.cnf,/projects/p_mcc/mc2026-track1-mc_competition/mc2026_track1_029.cnf.xz,ganak-approx_MCC2026,unknown,,ganak-approx_MCC2026,../../../raw/step8_eval/barnard/mc2026_solvers/MC2026_Track1_Public/config7/instance15/run1/stdout.log,3600.18,3186.7,88.5151,1673288,True,False,0,15,,"['approx', 'arb', 'int']",C: Approx,,,0,,False,,6.623153321597414,4199072.0019531299999999999999999999999999999999999999999999999999999999999999999999999999989,6.6231533215969999999999999999999999999999999999999999999999999999999999999999999999999999983,nan,,
15,mc2026_track1_031.cnf,ganak-approx_MCC2026,Track1_MC_Public,OK,ok,mc,2.3324384599156054,2.33243846,215,exact_arb_int,0.0,8.992531780000001e-37,354.324,384.47,620216,2026-06-24_22,,mc2026_track1_031.cnf,/projects/p_mcc/mc2026-track1-mc_competition/mc2026_track1_031.cnf.xz,ganak-approx_MCC2026,sat,"['exact', 'arb', 'int']",ganak-approx_MCC2026,../../../raw/step8_eval/barnard/mc2026_solvers/MC2026_Track1_Public/config7/instance16/run1/stdout.log,384.472,354.324,92.1587,620216,False,False,0,0,SATISFIABLE,"['approx', 'arb', 'int']",C: Approx,2.332438459916,215,3,"d4,ganak,gpmc",False,2.3324384599159999999999999999999999999999999999999999999999999999999999999999999999999999991,2.3324384599156054,215,2.3324384599159999999999999999999999999999999999999999999999999999999999999999999999999999991,0,0.0,1.0
16,mc2026_track1_033.cnf,ganak-approx_MCC2026,Track1_MC_Public,TLE,TLE,,,,nan,,,,3330.48,3600.01,633828,2026-06-24_22,,mc2026_track1_033.cnf,/projects/p_mcc/mc2026-track1-mc_competition/mc2026_track1_033.cnf.xz,ganak-approx_MCC2026,unknown,,ganak-approx_MCC2026,../../../raw/step8_eval/barnard/mc2026_solvers/MC2026_Track1_Public/config7/instance17/run1/stdout.log,3600.01,3330.48,92.513,633828,True,False,0,15,,"['approx', 'arb', 'int']",C: Approx,,,0,,False,,,nan,,nan,,
17,mc2026_track1_035.cnf,ganak-approx_MCC2026,Track1_MC_Public,OK,ok,mc,7.219805022675418,7.21980502,16588420,exact_arb_int,0.0,5.60599721e-27,11.2456,12.42,683440,2026-06-24_22,,mc2026_track1_035.cnf,/projects/p_mcc/mc2026-track1-mc_competition/mc2026_track1_035.cnf.xz,ganak-approx_MCC2026,sat,"['exact', 'arb', 'int']",ganak-approx_MCC2026,../../../raw/step8_eval/barnard/mc2026_solvers/MC2026_Track1_Public/config7/instance18/run1/stdout.log,12.4235,11.2456,90.5191,683440,False,False,0,0,SATISFIABLE,"['approx', 'arb', 'int']",C: Approx,7.219805022675,16588420,3,"d4,ganak,gpmc",False,7.2198050226749999999999999999999999999999999999999999999999999999999999999999999999999999995,7.219805022675418,16588420,7.2198050226749999999999999999999999999999999999999999999999999999999999999999999999999999995,0,0.0,1.0
18,mc2026_track1_037.cnf,ganak-approx_MCC2026,Track1_MC_Public,OK,ok,mc,6.091355982867558,6.09135598,1234116,exact_arb_int,0.0,4.3304027e-30,0.95,1.38,519280,2026-06-24_22,,mc2026_track1_037.cnf,/projects/p_mcc/mc2026-track1-mc_competition/mc2026_track1_037.cnf.xz,ganak-approx_MCC2026,sat,"['exact', 'arb', 'int']",ganak-approx_MCC2026,../../../raw/step8_eval/barnard/mc2026_solvers/MC2026_Track1_Public/config7/instance19/run1/stdout.log,1.37555,0.950035,69.0658,519280,False,False,0,0,SATISFIABLE,"['approx', 'arb', 'int']",C: Approx,6.091355982868,1234116,3,"d4,ganak,gpmc",False,6.0913559828679999999999999999999999999999999999999999999999999999999999999999999999999999998,6.091355982867558,1234116,6.0913559828679999999999999999999999999999999999999999999999999999999999999999999999999999998,0,0.0,1.0
19,mc2026_track1_039.cnf,ganak-approx_MCC2026,Track1_MC_Public,OK,ok,mc,11.446936891333069,11.4469369,279857462060,exact_arb_int,0.0,1.55705982e-33,14.5441,15.84,522080,2026-06-24_22,,mc2026_track1_039.cnf,/projects/p_mcc/mc2026-track1-mc_competition/mc2026_track1_039.cnf.xz,ganak-approx_MCC2026,sat,"['exact', 'arb', 'int']",ganak-approx_MCC2026,../../../raw/step8_eval/barnard/mc2026_solvers/MC2026_Track1_Public/config7/instance20/run1/stdout.log,15.8378,14.5441,91.8316,522080,False,False,0,0,SATISFIABLE,"['approx', 'arb', 'int']",C: Approx,11.446936891333,279857462060,3,"d4,ganak,gpmc",False,11.446936891332999999999999999999999999999999999999999999999999999999999999999999999999999997,11.446936891333069,279857462060,11.446936891332999999999999999999999999999999999999999999999999999999999999999999999999999997,0,0.0,1.0
20,mc2026_track1_041.cnf,ganak-approx_MCC2026,Track1_MC_Public,OK,ok,mc,20.75139732726713,20.7513973,564153552511417968750,exact_arb_int,0.0,1.3837037899999996e-34,0.5922,1.11,582212,2026-06-24_22,,mc2026_track1_041.cnf,/projects/p_mcc/mc2026-track1-mc_competition/mc2026_track1_041.cnf.xz,ganak-approx_MCC2026,sat,"['exact', 'arb', 'int']",ganak-approx_MCC2026,../../../raw/step8_eval/barnard/mc2026_solvers/MC2026_Track1_Public/config7/instance21/run1/stdout.log,1.10751,0.59222,53.4732,582212,False,False,0,0,SATISFIABLE,"['approx', 'arb', 'int']",C: Approx,20.751397327267,564153552511417968750,3,"d4,ganak,gpmc",False,20.751397327267000000000000000000000000000000000000000000000000000000000000000000000000000002,20.75139732726713,564153552511417968750,20.751397327267000000000000000000000000000000000000000000000000000000000000000000000000000002,0,0.0,1.0
21,mc2026_track1_043.cnf,ganak-approx_MCC2026,Track1_MC_Public,OK,ok,mc,11.868626596646854,11.8686266,738969640920,exact_arb_int,0.0,8.199073099999999e-35,0.2107,0.4,515696,2026-06-24_22,,mc2026_track1_043.cnf,/projects/p_mcc/mc2026-track1-mc_competition/mc2026_track1_043.cnf.xz,ganak-approx_MCC2026,sat,"['exact', 'arb', 'int']",ganak-approx_MCC2026,../../../raw/step8_eval/barnard/mc2026_solvers/MC2026_Track1_Public/config7/instance22/run1/stdout.log,0.404208,0.210741,52.1368,515696,False,False,0,0,SATISFIABLE,"['approx', 'arb', 'int']",C: Approx,11.868626596647,738969640920,3,"d4,ganak,gpmc",False,11.868626596646999999999999999999999999999999999999999999999999999999999999999999999999999996,11.868626596646854,738969640920,11.868626596646999999999999999999999999999999999999999999999999999999999999999999999999999996,0,0.0,1.0
22,mc2026_track1_045.cnf,ganak-approx_MCC2026,Track1_MC_Public,OK,ok,mc,10.509669396151551,10.5096694,32334741710,exact_arb_int,0.0,4.26455832e-33,20.3398,22.23,523724,2026-06-24_22,,mc2026_track1_045.cnf,/projects/p_mcc/mc2026-track1-mc_competition/mc2026_track1_045.cnf.xz,ganak-approx_MCC2026,sat,"['exact', 'arb', 'int']",ganak-approx_MCC2026,../../../raw/step8_eval/barnard/mc2026_solvers/MC2026_Track1_Public/config7/instance23/run1/stdout.log,22.228,20.3398,91.5051,523724,False,False,0,0,SATISFIABLE,"['approx', 'arb', 'int']",C: Approx,10.509669396152,32334741710,3,"d4,ganak,gpmc",False,10.509669396151999999999999999999999999999999999999999999999999999999999999999999999999999999,10.509669396151551,32334741710,10.509669396151999999999999999999999999999999999999999999999999999999999999999999999999999999,0,0.0,1.0
23,mc2026_track1_047.cnf,ganak-approx_MCC2026,Track1_MC_Public,TLE,TLE,,,,nan,,,,3562.1,3600.52,29016628,2026-06-24_22,,mc2026_track1_047.cnf,/projects/p_mcc/mc2026-track1-mc_competition/mc2026_track1_047.cnf.xz,ganak-approx_MCC2026,unknown,,ganak-approx_MCC2026,../../../raw/step8_eval/barnard/mc2026_solvers/MC2026_Track1_Public/config7/instance24/run1/stdout.log,3600.52,3562.1,98.9329,29016628,True,False,0,15,,"['approx', 'arb', 'int']",C: Approx,,,0,,False,,15.68659532234865,4859541802561240.0,15.686595322348999999999999999999999999999999999999999999999999999999999999999999999999999997,nan,,
24,mc2026_track1_049.cnf,ganak-approx_MCC2026,Track1_MC_Public,OK,ok,mc,13.111621148167972,13.1116211,12930673567682,exact_arb_int,0.0,4.83288359e-22,1488.05,1501.63,28963812,2026-06-24_22,,mc2026_track1_049.cnf,/projects/p_mcc/mc2026-track1-mc_competition/mc2026_track1_049.cnf.xz,ganak-approx_MCC2026,sat,"['exact', 'arb', 'int']",ganak-approx_MCC2026,../../../raw/step8_eval/barnard/mc2026_solvers/MC2026_Track1_Public/config7/instance25/run1/stdout.log,1501.63,1488.05,99.0961,28963812,False,False,0,0,SATISFIABLE,"['approx', 'arb', 'int']",C: Approx,13.111621148168,12930673567682,3,"d4,ganak,gpmc",False,13.111621148168,13.111621148167972,12930673567682,13.111621148168,0,0.0,1.0
25,mc2026_track1_051.cnf,ganak-approx_MCC2026,Track1_MC_Public,OK,ok,mc,15.530646004959811,15.530646,3393485555651045,exact_arb_int,0.0,1.31820398e-22,481.639,530.82,15222804,2026-06-24_22,,mc2026_track1_051.cnf,/projects/p_mcc/mc2026-track1-mc_competition/mc2026_track1_051.cnf.xz,ganak-approx_MCC2026,sat,"['exact', 'arb', 'int']",ganak-approx_MCC2026,../../../raw/step8_eval/barnard/mc2026_solvers/MC2026_Track1_Public/config7/instance26/run1/stdout.log,530.822,481.639,90.7346,15222804,False,False,0,0,SATISFIABLE,"['approx', 'arb', 'int']",C: Approx,15.53064600496,3393485555651045,3,"d4,ganak,gpmc",False,15.530646004960000000000000000000000000000000000000000000000000000000000000000000000000000003,15.530646004959811,3393485555651045,15.530646004960000000000000000000000000000000000000000000000000000000000000000000000000000003,0,0.0,1.0
26,mc2026_track1_053.cnf,ganak-approx_MCC2026,Track1_MC_Public,OK,ok,mc,12.83427510886983,12.8342751,6827710664219,exact_arb_int,0.0,1.4161727000000001e-22,545.665,601.36,15437912,2026-06-24_22,,mc2026_track1_053.cnf,/projects/p_mcc/mc2026-track1-mc_competition/mc2026_track1_053.cnf.xz,ganak-approx_MCC2026,sat,"['exact', 'arb', 'int']",ganak-approx_MCC2026,../../../raw/step8_eval/barnard/mc2026_solvers/MC2026_Track1_Public/config7/instance27/run1/stdout.log,601.361,545.665,90.7383,15437912,False,False,0,0,SATISFIABLE,"['approx', 'arb', 'int']",C: Approx,12.83427510887,6827710664219,3,"d4,ganak,gpmc",False,12.834275108870000000000000000000000000000000000000000000000000000000000000000000000000000004,12.83427510886983,6827710664219,12.834275108870000000000000000000000000000000000000000000000000000000000000000000000000000004,0,0.0,1.0
27,mc2026_track1_055.cnf,ganak-approx_MCC2026,Track1_MC_Public,OK,ok,mc,16.255619765854984,16.2556198,18014398509481984,exact_arb_int,0.0,0.0,0.0436,0.16,0,2026-06-24_22,,mc2026_track1_055.cnf,/projects/p_mcc/mc2026-track1-mc_competition/mc2026_track1_055.cnf.xz,ganak-approx_MCC2026,sat,"['exact', 'arb', 'int']",ganak-approx_MCC2026,../../../raw/step8_eval/barnard/mc2026_solvers/MC2026_Track1_Public/config7/instance28/run1/stdout.log,0.162653,0.04361,26.8117,0,False,False,0,0,SATISFIABLE,"['approx', 'arb', 'int']",C: Approx,16.255619765855,18014398509481984,3,"d4,ganak,gpmc",False,16.255619765855000000000000000000000000000000000000000000000000000000000000000000000000000004,16.255619765854984,18014398509481984,16.255619765855000000000000000000000000000000000000000000000000000000000000000000000000000004,0,0.0,1.0
28,mc2026_track1_057.cnf,ganak-approx_MCC2026,Track1_MC_Public,OK,ok,mc,22.27621967913461,22.2762197,18889465931478580854784,exact_arb_int,0.0,0.0,0.0486,0.18,254840,2026-06-24_22,,mc2026_track1_057.cnf,/projects/p_mcc/mc2026-track1-mc_competition/mc2026_track1_057.cnf.xz,ganak-approx_MCC2026,sat,"['exact', 'arb', 'int']",ganak-approx_MCC2026,../../../raw/step8_eval/barnard/mc2026_solvers/MC2026_Track1_Public/config7/instance29/run1/stdout.log,0.179669,0.048602,27.0508,254840,False,False,0,0,SATISFIABLE,"['approx', 'arb', 'int']",C: Approx,22.276219679135,18889465931478580854784,3,"d4,ganak,gpmc",False,22.276219679134999999999999999999999999999999999999999999999999999999999999999999999999999999,22.27621967913461,18889465931478580854784,22.276219679134999999999999999999999999999999999999999999999999999999999999999999999999999999,0,0.0,1.0
29,mc2026_track1_059.cnf,ganak-approx_MCC2026,Track1_MC_Public,OK,ok,mc,11.740169830895269,11.7401698,549755813888,exact_arb_int,0.0,0.0,0.0286,0.03,0,2026-06-24_22,,mc2026_track1_059.cnf,/projects/p_mcc/mc2026-track1-mc_competition/mc2026_track1_059.cnf.xz,ganak-approx_MCC2026,sat,"['exact', 'arb', 'int']",ganak-approx_MCC2026,../../../raw/step8_eval/barnard/mc2026_solvers/MC2026_Track1_Public/config7/instance30/run1/stdout.log,0.0301279,0.028556,94.7824,0,False,False,0,0,SATISFIABLE,"['approx', 'arb', 'int']",C: Approx,11.740169830895,549755813888,3,"d4,ganak,gpmc",False,11.740169830895,11.740169830895269,549755813888,11.740169830895,0,0.0,1.0
30,mc2026_track1_061.cnf,ganak-approx_MCC2026,Track1_MC_Public,OK,ok,mc,-inf,-inf,0,exact_arb_int,0.0,0.0,0.0522,0.05,0,2026-06-24_22,,mc2026_track1_061.cnf,/projects/p_mcc/mc2026-track1-mc_competition/mc2026_track1_061.cnf.xz,ganak-approx_MCC2026,unsat,"['exact', 'arb', 'int']",ganak-approx_MCC2026,../../../raw/step8_eval/barnard/mc2026_solvers/MC2026_Track1_Public/config7/instance31/run1/stdout.log,0.053726,0.052209,97.1764,0,False,False,0,0,UNSATISFIABLE,"['approx', 'arb', 'int']",C: Approx,,0,3,"d4,ganak,gpmc",False,-inf,-inf,0,-inf,0,0.0,1.0
31,mc2026_track1_063.cnf,ganak-approx_MCC2026,Track1_MC_Public,OK,ok,mc,23.48033966179053,23.4803397,302231454903657293676544,exact_arb_int,0.0,0.0,0.0351,0.04,0,2026-06-24_22,,mc2026_track1_063.cnf,/projects/p_mcc/mc2026-track1-mc_competition/mc2026_track1_063.cnf.xz,ganak-approx_MCC2026,sat,"['exact', 'arb', 'int']",ganak-approx_MCC2026,../../../raw/step8_eval/barnard/mc2026_solvers/MC2026_Track1_Public/config7/instance32/run1/stdout.log,0.0363709,0.035075,96.4369,0,False,False,0,0,SATISFIABLE,"['approx', 'arb', 'int']",C: Approx,23.480339661791,302231454903657293676544,3,"d4,ganak,gpmc",False,23.480339661790999999999999999999999999999999999999999999999999999999999999999999999999999995,23.48033966179053,302231454903657293676544,23.480339661790999999999999999999999999999999999999999999999999999999999999999999999999999995,0,0.0,1.0
32,mc2026_track1_065.cnf,ganak-approx_MCC2026,Track1_MC_Public,OK,ok,mc,3.486572150518356,3.48657215,3066,exact_arb_int,0.0,1.16373941e-36,0.0583,0.06,0,2026-06-24_22,,mc2026_track1_065.cnf,/projects/p_mcc/mc2026-track1-mc_competition/mc2026_track1_065.cnf.xz,ganak-approx_MCC2026,sat,"['exact', 'arb', 'int']",ganak-approx_MCC2026,../../../raw/step8_eval/barnard/mc2026_solvers/MC2026_Track1_Public/config7/instance33/run1/stdout.log,0.059884,0.058262,97.2915,0,False,False,0,0,SATISFIABLE,"['approx', 'arb', 'int']",C: Approx,3.486572150518,3066,3,"d4,ganak,gpmc",False,3.4865721505179999999999999999999999999999999999999999999999999999999999999999999999999999993,3.486572150518356,3066,3.4865721505179999999999999999999999999999999999999999999999999999999999999999999999999999993,0,0.0,1.0
33,mc2026_track1_067.cnf,ganak-approx_MCC2026,Track1_MC_Public,OK,ok,mc,0.6020599913279624,0.602059991,4,exact_arb_int,0.0,0.0,208.83,225.46,602192,2026-06-24_22,,mc2026_track1_067.cnf,/projects/p_mcc/mc2026-track1-mc_competition/mc2026_track1_067.cnf.xz,ganak-approx_MCC2026,sat,"['exact', 'arb', 'int']",ganak-approx_MCC2026,../../../raw/step8_eval/barnard/mc2026_solvers/MC2026_Track1_Public/config7/instance34/run1/stdout.log,225.455,208.83,92.6257,602192,False,False,0,0,SATISFIABLE,"['approx', 'arb', 'int']",C: Approx,0.602059991328,4,3,"d4,ganak,gpmc",False,0.60205999132799999999999999999999999999999999999999999999999999999999999999999999999999999992,0.6020599913279624,4,0.60205999132799999999999999999999999999999999999999999999999999999999999999999999999999999992,0,0.0,1.0
34,mc2026_track1_069.cnf,ganak-approx_MCC2026,Track1_MC_Public,TLE,TLE,,,,nan,,,,3277.81,3600.59,13853848,2026-06-24_22,,mc2026_track1_069.cnf,/projects/p_mcc/mc2026-track1-mc_competition/mc2026_track1_069.cnf.xz,ganak-approx_MCC2026,unknown,,ganak-approx_MCC2026,../../../raw/step8_eval/barnard/mc2026_solvers/MC2026_Track1_Public/config7/instance35/run1/stdout.log,3600.59,3277.81,91.0354,13853848,True,False,0,15,,"['approx', 'arb', 'int']",C: Approx,,,0,,False,,177.82144024286774,6.6288813071830599999999999999999999999999999999999999999999999999999999999999999999999999984e+177,177.82144024286800000000000000000000000000000000000000000000000000000000000000000000000000001,nan,,
35,mc2026_track1_071.cnf,ganak-approx_MCC2026,Track1_MC_Public,OK,ok,mc,10.401493409999825,10.4014934,25205389326,exact_arb_int,0.0,5.04359116e-28,26.8318,29.62,612408,2026-06-24_22,,mc2026_track1_071.cnf,/projects/p_mcc/mc2026-track1-mc_competition/mc2026_track1_071.cnf.xz,ganak-approx_MCC2026,sat,"['exact', 'arb', 'int']",ganak-approx_MCC2026,../../../raw/step8_eval/barnard/mc2026_solvers/MC2026_Track1_Public/config7/instance36/run1/stdout.log,29.6211,26.8318,90.5832,612408,False,False,0,0,SATISFIABLE,"['approx', 'arb', 'int']",C: Approx,10.40149341,25205389326,3,"d4,ganak,gpmc",False,10.401493410000000000000000000000000000000000000000000000000000000000000000000000000000000003,10.401493409999825,25205389326,10.401493410000000000000000000000000000000000000000000000000000000000000000000000000000000003,0,0.0,1.0
36,mc2026_track1_073.cnf,ganak-approx_MCC2026,Track1_MC_Public,OK,ok,mc,3.355643050220869,3.35564305,2268,exact_arb_int,0.0,5.18393009e-36,1.214,1.68,519012,2026-06-24_22,,mc2026_track1_073.cnf,/projects/p_mcc/mc2026-track1-mc_competition/mc2026_track1_073.cnf.xz,ganak-approx_MCC2026,sat,"['exact', 'arb', 'int']",ganak-approx_MCC2026,../../../raw/step8_eval/barnard/mc2026_solvers/MC2026_Track1_Public/config7/instance37/run1/stdout.log,1.68104,1.21396,72.215,519012,False,False,0,0,SATISFIABLE,"['approx', 'arb', 'int']",C: Approx,3.355643050221,2268,3,"d4,ganak,gpmc",False,3.3556430502210000000000000000000000000000000000000000000000000000000000000000000000000000009,3.355643050220869,2268,3.3556430502210000000000000000000000000000000000000000000000000000000000000000000000000000009,0,0.0,1.0
37,mc2026_track1_075.cnf,ganak-approx_MCC2026,Track1_MC_Public,OK,ok,mc,9.839174340703808,9.83917434,6905169454,exact_arb_int,0.0,2.80283889e-28,1.0227,1.36,533876,2026-06-24_22,,mc2026_track1_075.cnf,/projects/p_mcc/mc2026-track1-mc_competition/mc2026_track1_075.cnf.xz,ganak-approx_MCC2026,sat,"['exact', 'arb', 'int']",ganak-approx_MCC2026,../../../raw/step8_eval/barnard/mc2026_solvers/MC2026_Track1_Public/config7/instance38/run1/stdout.log,1.36256,1.02273,75.0599,533876,False,False,0,0,SATISFIABLE,"['approx', 'arb', 'int']",C: Approx,9.839174340704,6905169454,3,"d4,ganak,gpmc",False,9.8391743407040000000000000000000000000000000000000000000000000000000000000000000000000000014,9.839174340703808,6905169454,9.8391743407040000000000000000000000000000000000000000000000000000000000000000000000000000014,0,0.0,1.0
38,mc2026_track1_077.cnf,ganak-approx_MCC2026,Track1_MC_Public,OK,ok,mc,12.084511894987513,12.0845119,1214819892986,exact_arb_int,0.0,4.46138031e-27,3.4728,4.03,667528,2026-06-24_22,,mc2026_track1_077.cnf,/projects/p_mcc/mc2026-track1-mc_competition/mc2026_track1_077.cnf.xz,ganak-approx_MCC2026,sat,"['exact', 'arb', 'int']",ganak-approx_MCC2026,../../../raw/step8_eval/barnard/mc2026_solvers/MC2026_Track1_Public/config7/instance39/run1/stdout.log,4.02633,3.47281,86.2524,667528,False,False,0,0,SATISFIABLE,"['approx', 'arb', 'int']",C: Approx,12.084511894988,1214819892986,3,"d4,ganak,gpmc",False,12.084511894987999999999999999999999999999999999999999999999999999999999999999999999999999999,12.084511894987513,1214819892986,12.084511894987999999999999999999999999999999999999999999999999999999999999999999999999999999,0,0.0,1.0
39,mc2026_track1_079.cnf,ganak-approx_MCC2026,Track1_MC_Public,OK,ok,mc,13.486992130296882,13.4869921,30689663761877,exact_arb_int,0.0,1.56442724e-25,14.7452,16.43,1030556,2026-06-24_22,,mc2026_track1_079.cnf,/projects/p_mcc/mc2026-track1-mc_competition/mc2026_track1_079.cnf.xz,ganak-approx_MCC2026,sat,"['exact', 'arb', 'int']",ganak-approx_MCC2026,../../../raw/step8_eval/barnard/mc2026_solvers/MC2026_Track1_Public/config7/instance40/run1/stdout.log,16.4276,14.7452,89.7586,1030556,False,False,0,0,SATISFIABLE,"['approx', 'arb', 'int']",C: Approx,13.486992130297,30689663761877,3,"d4,ganak,gpmc",False,13.486992130296999999999999999999999999999999999999999999999999999999999999999999999999999998,13.486992130296882,30689663761877,13.486992130296999999999999999999999999999999999999999999999999999999999999999999999999999998,0,0.0,1.0
40,mc2026_track1_081.cnf,ganak-approx_MCC2026,Track1_MC_Public,TLE,TLE,,,,nan,,,,3236.26,3600.19,759804,2026-06-24_22,,mc2026_track1_081.cnf,/projects/p_mcc/mc2026-track1-mc_competition/mc2026_track1_081.cnf.xz,ganak-approx_MCC2026,unknown,,ganak-approx_MCC2026,../../../raw/step8_eval/barnard/mc2026_solvers/MC2026_Track1_Public/config7/instance41/run1/stdout.log,3600.19,3236.26,89.8912,759804,True,False,0,15,,"['approx', 'arb', 'int']",C: Approx,,,0,,False,,-0.9030899869919436,1/8,-0.90308998699199999999999999999999999999999999999999999999999999999999999999999999999999999987,nan,,
41,mc2026_track1_083.cnf,ganak-approx_MCC2026,Track1_MC_Public,TLE,TLE,,,,nan,,,,3253.37,3600.18,778980,2026-06-24_22,,mc2026_track1_083.cnf,/projects/p_mcc/mc2026-track1-mc_competition/mc2026_track1_083.cnf.xz,ganak-approx_MCC2026,unknown,,ganak-approx_MCC2026,../../../raw/step8_eval/barnard/mc2026_solvers/MC2026_Track1_Public/config7/instance42/run1/stdout.log,3600.18,3253.37,90.3668,778980,True,False,0,15,,"['approx', 'arb', 'int']",C: Approx,,,0,,False,,-8.127809882927492,745058059692383/100000000000000000000000,-8.1278098829269999999999999999999999999999999999999999999999999999999999999999999999999999963,nan,,
42,mc2026_track1_085.cnf,ganak-approx_MCC2026,Track1_MC_Public,TLE,TLE,,,,nan,,,,3342.8,3600.02,795628,2026-06-24_22,,mc2026_track1_085.cnf,/projects/p_mcc/mc2026-track1-mc_competition/mc2026_track1_085.cnf.xz,ganak-approx_MCC2026,unknown,,ganak-approx_MCC2026,../../../raw/step8_eval/barnard/mc2026_solvers/MC2026_Track1_Public/config7/instance43/run1/stdout.log,3600.02,3342.8,92.8551,795628,True,False,0,15,,"['approx', 'arb', 'int']",C: Approx,,,0,,False,,-0.9030899869919436,1/8,-0.90308998699199999999999999999999999999999999999999999999999999999999999999999999999999999987,nan,,
43,mc2026_track1_087.cnf,ganak-approx_MCC2026,Track1_MC_Public,OK,ok,mc,10.243742831894783,10.2437428,17528422464,exact_arb_int,0.0,2.5805968100000003e-29,0.4159,0.68,523792,2026-06-24_22,,mc2026_track1_087.cnf,/projects/p_mcc/mc2026-track1-mc_competition/mc2026_track1_087.cnf.xz,ganak-approx_MCC2026,sat,"['exact', 'arb', 'int']",ganak-approx_MCC2026,../../../raw/step8_eval/barnard/mc2026_solvers/MC2026_Track1_Public/config7/instance44/run1/stdout.log,0.682032,0.415896,60.979,523792,False,False,0,0,SATISFIABLE,"['approx', 'arb', 'int']",C: Approx,10.243742831895,17528422464,3,"d4,ganak,gpmc",False,10.243742831894999999999999999999999999999999999999999999999999999999999999999999999999999999,10.243742831894783,17528422464,10.243742831894999999999999999999999999999999999999999999999999999999999999999999999999999999,0,0.0,1.0
44,mc2026_track1_089.cnf,ganak-approx_MCC2026,Track1_MC_Public,OK,ok,mc,-inf,-inf,0,exact_arb_int,0.0,0.0,0.0678,0.07,0,2026-06-24_22,,mc2026_track1_089.cnf,/projects/p_mcc/mc2026-track1-mc_competition/mc2026_track1_089.cnf.xz,ganak-approx_MCC2026,unsat,"['exact', 'arb', 'int']",ganak-approx_MCC2026,../../../raw/step8_eval/barnard/mc2026_solvers/MC2026_Track1_Public/config7/instance45/run1/stdout.log,0.06949,0.067794,97.5593,0,False,False,0,0,UNSATISFIABLE,"['approx', 'arb', 'int']",C: Approx,,0,3,"d4,ganak,gpmc",False,-inf,-inf,0,-inf,0,0.0,1.0
45,mc2026_track1_091.cnf,ganak-approx_MCC2026,Track1_MC_Public,OK,ok,mc,-inf,-inf,0,exact_arb_int,0.0,0.0,0.189,0.27,528396,2026-06-24_22,,mc2026_track1_091.cnf,/projects/p_mcc/mc2026-track1-mc_competition/mc2026_track1_091.cnf.xz,ganak-approx_MCC2026,unsat,"['exact', 'arb', 'int']",ganak-approx_MCC2026,../../../raw/step8_eval/barnard/mc2026_solvers/MC2026_Track1_Public/config7/instance46/run1/stdout.log,0.269439,0.188992,70.1428,528396,False,False,0,0,UNSATISFIABLE,"['approx', 'arb', 'int']",C: Approx,,0,3,"d4,ganak,gpmc",False,-inf,-inf,0,-inf,0,0.0,1.0
46,mc2026_track1_093.cnf,ganak-approx_MCC2026,Track1_MC_Public,OK,ok,mc,0.0,0.0,1,exact_arb_int,0.0,0.0,0.025,0.03,0,2026-06-24_22,,mc2026_track1_093.cnf,/projects/p_mcc/mc2026-track1-mc_competition/mc2026_track1_093.cnf.xz,ganak-approx_MCC2026,sat,"['exact', 'arb', 'int']",ganak-approx_MCC2026,../../../raw/step8_eval/barnard/mc2026_solvers/MC2026_Track1_Public/config7/instance47/run1/stdout.log,0.0264099,0.02502,94.7372,0,False,False,0,0,SATISFIABLE,"['approx', 'arb', 'int']",C: Approx,0.0,1,3,"d4,ganak,gpmc",False,0.0,0.0,1,0.0,0,0.0,1.0
47,mc2026_track1_095.cnf,ganak-approx_MCC2026,Track1_MC_Public,OK,ok,mc,6.653562896297382,6.6535629,4503632,exact_arb_int,0.0,7.66061661e-27,110.033,110.76,779828,2026-06-24_22,,mc2026_track1_095.cnf,/projects/p_mcc/mc2026-track1-mc_competition/mc2026_track1_095.cnf.xz,ganak-approx_MCC2026,sat,"['exact', 'arb', 'int']",ganak-approx_MCC2026,../../../raw/step8_eval/barnard/mc2026_solvers/MC2026_Track1_Public/config7/instance48/run1/stdout.log,110.765,110.033,99.3396,779828,False,False,0,0,SATISFIABLE,"['approx', 'arb', 'int']",C: Approx,6.653562896297,4503632,3,"d4,ganak,gpmc",False,6.6535628962969999999999999999999999999999999999999999999999999999999999999999999999999999991,6.653562896297382,4503632,6.6535628962969999999999999999999999999999999999999999999999999999999999999999999999999999991,0,0.0,1.0
48,mc2026_track1_097.cnf,ganak-approx_MCC2026,Track1_MC_Public,OK,ok,mc,0.4771212547196624,0.477121255,3,exact_arb_int,0.0,0.0,0.0214,0.02,0,2026-06-24_22,,mc2026_track1_097.cnf,/projects/p_mcc/mc2026-track1-mc_competition/mc2026_track1_097.cnf.xz,ganak-approx_MCC2026,sat,"['exact', 'arb', 'int']",ganak-approx_MCC2026,../../../raw/step8_eval/barnard/mc2026_solvers/MC2026_Track1_Public/config7/instance49/run1/stdout.log,0.0222469,0.021403,96.2065,0,False,False,0,0,SATISFIABLE,"['approx', 'arb', 'int']",C: Approx,0.47712125472,3,3,"d4,ganak,gpmc",False,0.47712125472000000000000000000000000000000000000000000000000000000000000000000000000000000001,0.4771212547196624,3,0.47712125472000000000000000000000000000000000000000000000000000000000000000000000000000000001,0,0.0,1.0
49,mc2026_track1_099.cnf,ganak-approx_MCC2026,Track1_MC_Public,OK,ok,mc,6.653562896297382,6.6535629,4503632,exact_arb_int,0.0,1.30371683e-26,83.9708,89.64,958248,2026-06-24_22,,mc2026_track1_099.cnf,/projects/p_mcc/mc2026-track1-mc_competition/mc2026_track1_099.cnf.xz,ganak-approx_MCC2026,sat,"['exact', 'arb', 'int']",ganak-approx_MCC2026,../../../raw/step8_eval/barnard/mc2026_solvers/MC2026_Track1_Public/config7/instance50/run1/stdout.log,89.6423,83.9708,93.6731,958248,False,False,0,0,SATISFIABLE,"['approx', 'arb', 'int']",C: Approx,6.653562896297,4503632,3,"d4,ganak,gpmc",False,6.6535628962969999999999999999999999999999999999999999999999999999999999999999999999999999991,6.653562896297382,4503632,6.6535628962969999999999999999999999999999999999999999999999999999999999999999999999999999991,0,0.0,1.0
50,mc2026_track1_101.cnf,ganak-approx_MCC2026,Track1_MC_Public,OK,ok,mc,0.4771212547196624,0.477121255,3,exact_arb_int,0.0,0.0,0.0319,0.03,0,2026-06-24_22,,mc2026_track1_101.cnf,/projects/p_mcc/mc2026-track1-mc_competition/mc2026_track1_101.cnf.xz,ganak-approx_MCC2026,sat,"['exact', 'arb', 'int']",ganak-approx_MCC2026,../../../raw/step8_eval/barnard/mc2026_solvers/MC2026_Track1_Public/config7/instance51/run1/stdout.log,0.034433,0.031898,92.638,0,False,False,0,0,SATISFIABLE,"['approx', 'arb', 'int']",C: Approx,0.47712125472,3,3,"d4,ganak,gpmc",False,0.47712125472000000000000000000000000000000000000000000000000000000000000000000000000000000001,0.4771212547196624,3,0.47712125472000000000000000000000000000000000000000000000000000000000000000000000000000000001,0,0.0,1.0
51,mc2026_track1_103.cnf,ganak-approx_MCC2026,Track1_MC_Public,OK,ok,mc,0.0,0.0,1,exact_arb_int,0.0,0.0,0.0282,0.03,0,2026-06-24_22,,mc2026_track1_103.cnf,/projects/p_mcc/mc2026-track1-mc_competition/mc2026_track1_103.cnf.xz,ganak-approx_MCC2026,sat,"['exact', 'arb', 'int']",ganak-approx_MCC2026,../../../raw/step8_eval/barnard/mc2026_solvers/MC2026_Track1_Public/config7/instance52/run1/stdout.log,0.029631,0.028169,95.066,0,False,False,0,0,SATISFIABLE,"['approx', 'arb', 'int']",C: Approx,0.0,1,3,"d4,ganak,gpmc",False,0.0,0.0,1,0.0,0,0.0,1.0
52,mc2026_track1_105.cnf,ganak-approx_MCC2026,Track1_MC_Public,OK,ok,mc,2.459392487759231,2.45939249,288,exact_arb_int,0.0,2.0649321499999997e-34,1.0711,1.52,515820,2026-06-24_22,,mc2026_track1_105.cnf,/projects/p_mcc/mc2026-track1-mc_competition/mc2026_track1_105.cnf.xz,ganak-approx_MCC2026,sat,"['exact', 'arb', 'int']",ganak-approx_MCC2026,../../../raw/step8_eval/barnard/mc2026_solvers/MC2026_Track1_Public/config7/instance53/run1/stdout.log,1.51602,1.07114,70.6545,515820,False,False,0,0,SATISFIABLE,"['approx', 'arb', 'int']",C: Approx,2.459392487759,288,3,"d4,ganak,gpmc",False,2.4593924877590000000000000000000000000000000000000000000000000000000000000000000000000000007,2.459392487759231,288,2.4593924877590000000000000000000000000000000000000000000000000000000000000000000000000000007,0,0.0,1.0
53,mc2026_track1_107.cnf,ganak-approx_MCC2026,Track1_MC_Public,OK,ok,mc,133.43255763069286,133.432558,27074324552188263115193324525043910411466079287194737862239975111039283194478178486570350758010456761223622424071136573497534086266600,exact_arb_int,0.0,3.3071193500000004e-31,5.9702,6.83,517588,2026-06-24_22,,mc2026_track1_107.cnf,/projects/p_mcc/mc2026-track1-mc_competition/mc2026_track1_107.cnf.xz,ganak-approx_MCC2026,sat,"['exact', 'arb', 'int']",ganak-approx_MCC2026,../../../raw/step8_eval/barnard/mc2026_solvers/MC2026_Track1_Public/config7/instance54/run1/stdout.log,6.83088,5.97016,87.3996,517588,False,False,0,0,SATISFIABLE,"['approx', 'arb', 'int']",C: Approx,133.432557630693,27074324552188263115193324525043910411466079287194737862239975111039283194478178486570350758010456761223622424071136573497534086266600,3,"d4,ganak,gpmc",False,133.43255763069299999999999999999999999999999999999999999999999999999999999999999999999999999,133.43255763069286,27074324552188263115193324525043910411466079287194737862239975111039283194478178486570350758010456761223622424071136573497534086266600,133.43255763069299999999999999999999999999999999999999999999999999999999999999999999999999999,0,0.0,1.0
54,mc2026_track1_109.cnf,ganak-approx_MCC2026,Track1_MC_Public,OK,ok,mc,141.55621077725377,141.556211,3599239755983329331332100508562451780508192148493160801718199944973008026807919208513108710328389951098075842967611059200000000000000000000000,exact_arb_int,0.0,2.40241658e-35,0.6035,1.07,581156,2026-06-24_22,,mc2026_track1_109.cnf,/projects/p_mcc/mc2026-track1-mc_competition/mc2026_track1_109.cnf.xz,ganak-approx_MCC2026,sat,"['exact', 'arb', 'int']",ganak-approx_MCC2026,../../../raw/step8_eval/barnard/mc2026_solvers/MC2026_Track1_Public/config7/instance55/run1/stdout.log,1.06901,0.603454,56.4497,581156,False,False,0,0,SATISFIABLE,"['approx', 'arb', 'int']",C: Approx,141.556210777254,3599239755983329331332100508562451780508192148493160801718199944973008026807919208513108710328389951098075842967611059200000000000000000000000,3,"d4,ganak,gpmc",False,141.55621077725400000000000000000000000000000000000000000000000000000000000000000000000000006,141.55621077725377,3599239755983329331332100508562451780508192148493160801718199944973008026807919208513108710328389951098075842967611059200000000000000000000000,141.55621077725400000000000000000000000000000000000000000000000000000000000000000000000000006,0,0.0,1.0
55,mc2026_track1_111.cnf,ganak-approx_MCC2026,Track1_MC_Public,OK,ok,mc,123.43394419743407,123.433944,2716090255555394786865673931721659870192662048106344246114776105307491592972573691035248570056672524173798505601634040233480,exact_arb_int,0.0,7.11067682e-31,4.9161,5.82,517180,2026-06-24_22,,mc2026_track1_111.cnf,/projects/p_mcc/mc2026-track1-mc_competition/mc2026_track1_111.cnf.xz,ganak-approx_MCC2026,sat,"['exact', 'arb', 'int']",ganak-approx_MCC2026,../../../raw/step8_eval/barnard/mc2026_solvers/MC2026_Track1_Public/config7/instance56/run1/stdout.log,5.82205,4.9161,84.4392,517180,False,False,0,0,SATISFIABLE,"['approx', 'arb', 'int']",C: Approx,123.433944197434,2716090255555394786865673931721659870192662048106344246114776105307491592972573691035248570056672524173798505601634040233480,3,"d4,ganak,gpmc",False,123.43394419743399999999999999999999999999999999999999999999999999999999999999999999999999998,123.43394419743407,2716090255555394786865673931721659870192662048106344246114776105307491592972573691035248570056672524173798505601634040233480,123.43394419743399999999999999999999999999999999999999999999999999999999999999999999999999998,0,0.0,1.0
56,mc2026_track1_113.cnf,ganak-approx_MCC2026,Track1_MC_Public,OK,ok,mc,126.37770315176158,126.377703,2386179727798317443182387728759025280637542166208758384036037409346857065068615755489422934430477849440649064528671759799828200,exact_arb_int,0.0,3.92070389e-31,3.4919,3.58,517688,2026-06-24_22,,mc2026_track1_113.cnf,/projects/p_mcc/mc2026-track1-mc_competition/mc2026_track1_113.cnf.xz,ganak-approx_MCC2026,sat,"['exact', 'arb', 'int']",ganak-approx_MCC2026,../../../raw/step8_eval/barnard/mc2026_solvers/MC2026_Track1_Public/config7/instance57/run1/stdout.log,3.57996,3.49187,97.5393,517688,False,False,0,0,SATISFIABLE,"['approx', 'arb', 'int']",C: Approx,126.377703151762,2386179727798317443182387728759025280637542166208758384036037409346857065068615755489422934430477849440649064528671759799828200,3,"d4,ganak,gpmc",False,126.37770315176200000000000000000000000000000000000000000000000000000000000000000000000000002,126.37770315176158,2386179727798317443182387728759025280637542166208758384036037409346857065068615755489422934430477849440649064528671759799828200,126.37770315176200000000000000000000000000000000000000000000000000000000000000000000000000002,0,0.0,1.0
57,mc2026_track1_115.cnf,ganak-approx_MCC2026,Track1_MC_Public,OK,ok,mc,12.587202370686724,12.5872024,3865470566400,exact_arb_int,0.0,2.39853745e-34,2.1999,2.68,674336,2026-06-24_22,,mc2026_track1_115.cnf,/projects/p_mcc/mc2026-track1-mc_competition/mc2026_track1_115.cnf.xz,ganak-approx_MCC2026,sat,"['exact', 'arb', 'int']",ganak-approx_MCC2026,../../../raw/step8_eval/barnard/mc2026_solvers/MC2026_Track1_Public/config7/instance58/run1/stdout.log,2.67752,2.19995,82.164,674336,False,False,0,0,SATISFIABLE,"['approx', 'arb', 'int']",C: Approx,12.587202370687,3865470566400,3,"d4,ganak,gpmc",False,12.587202370687,12.587202370686724,3865470566400,12.587202370687,0,0.0,1.0
58,mc2026_track1_117.cnf,ganak-approx_MCC2026,Track1_MC_Public,OK,ok,mc,8.413782578627488,8.41378258,259288096,exact_arb_int,0.0,9.43695681e-34,1.7276,2.14,518284,2026-06-24_22,,mc2026_track1_117.cnf,/projects/p_mcc/mc2026-track1-mc_competition/mc2026_track1_117.cnf.xz,ganak-approx_MCC2026,sat,"['exact', 'arb', 'int']",ganak-approx_MCC2026,../../../raw/step8_eval/barnard/mc2026_solvers/MC2026_Track1_Public/config7/instance59/run1/stdout.log,2.13987,1.72765,80.7361,518284,False,False,0,0,SATISFIABLE,"['approx', 'arb', 'int']",C: Approx,8.413782578627,259288096,3,"d4,ganak,gpmc",False,8.4137825786269999999999999999999999999999999999999999999999999999999999999999999999999999971,8.413782578627488,259288096,8.4137825786269999999999999999999999999999999999999999999999999999999999999999999999999999971,0,0.0,1.0
59,mc2026_track1_119.cnf,ganak-approx_MCC2026,Track1_MC_Public,OK,ok,mc,6.0,6.0,1000000,exact_arb_int,0.0,9.53672025e-29,493.079,525.31,786960,2026-06-24_22,,mc2026_track1_119.cnf,/projects/p_mcc/mc2026-track1-mc_competition/mc2026_track1_119.cnf.xz,ganak-approx_MCC2026,sat,"['exact', 'arb', 'int']",ganak-approx_MCC2026,../../../raw/step8_eval/barnard/mc2026_solvers/MC2026_Track1_Public/config7/instance60/run1/stdout.log,525.311,493.079,93.8642,786960,False,False,0,0,SATISFIABLE,"['approx', 'arb', 'int']",C: Approx,6.0,1000000,3,"d4,ganak,gpmc",False,6.0,6.0,1000000,6.0,0,0.0,1.0
60,mc2026_track1_121.cnf,ganak-approx_MCC2026,Track1_MC_Public,OK,ok,mc,4.741490389771279,4.74149039,55143,exact_arb_int,0.0,2.73591488e-29,156.819,169.69,896252,2026-06-24_22,,mc2026_track1_121.cnf,/projects/p_mcc/mc2026-track1-mc_competition/mc2026_track1_121.cnf.xz,ganak-approx_MCC2026,sat,"['exact', 'arb', 'int']",ganak-approx_MCC2026,../../../raw/step8_eval/barnard/mc2026_solvers/MC2026_Track1_Public/config7/instance61/run1/stdout.log,169.686,156.819,92.4171,896252,False,False,0,0,SATISFIABLE,"['approx', 'arb', 'int']",C: Approx,4.741490389771,55143,3,"d4,ganak,gpmc",False,4.7414903897709999999999999999999999999999999999999999999999999999999999999999999999999999989,4.741490389771279,55143,4.7414903897709999999999999999999999999999999999999999999999999999999999999999999999999999989,0,0.0,1.0
61,mc2026_track1_123.cnf,ganak-approx_MCC2026,Track1_MC_Public,OK,ok,mc,-inf,-inf,0,exact_arb_int,0.0,0.0,1.1503,1.75,520004,2026-06-24_22,,mc2026_track1_123.cnf,/projects/p_mcc/mc2026-track1-mc_competition/mc2026_track1_123.cnf.xz,ganak-approx_MCC2026,unsat,"['exact', 'arb', 'int']",ganak-approx_MCC2026,../../../raw/step8_eval/barnard/mc2026_solvers/MC2026_Track1_Public/config7/instance62/run1/stdout.log,1.74803,1.15027,65.8038,520004,False,False,0,0,UNSATISFIABLE,"['approx', 'arb', 'int']",C: Approx,,0,3,"d4,ganak,gpmc",False,-inf,-inf,0,-inf,0,0.0,1.0
62,mc2026_track1_125.cnf,ganak-approx_MCC2026,Track1_MC_Public,OK,ok,mc,0.0,0.0,1,exact_arb_int,0.0,0.0,0.0254,0.03,0,2026-06-24_22,,mc2026_track1_125.cnf,/projects/p_mcc/mc2026-track1-mc_competition/mc2026_track1_125.cnf.xz,ganak-approx_MCC2026,sat,"['exact', 'arb', 'int']",ganak-approx_MCC2026,../../../raw/step8_eval/barnard/mc2026_solvers/MC2026_Track1_Public/config7/instance63/run1/stdout.log,0.0264929,0.02538,95.7993,0,False,False,0,0,SATISFIABLE,"['approx', 'arb', 'int']",C: Approx,0.0,1,3,"d4,ganak,gpmc",False,0.0,0.0,1,0.0,0,0.0,1.0
63,mc2026_track1_127.cnf,ganak-approx_MCC2026,Track1_MC_Public,OK,ok,mc,53.04871045987327,53.0487105,111869181327856632970982851835435663933423796501139456,approx_arb_int,0.8,0.2,1971.87,2128.63,10597204,2026-06-24_22,,mc2026_track1_127.cnf,/projects/p_mcc/mc2026-track1-mc_competition/mc2026_track1_127.cnf.xz,ganak-approx_MCC2026,sat,"['approx', 'arb', 'int']",ganak-approx_MCC2026,../../../raw/step8_eval/barnard/mc2026_solvers/MC2026_Track1_Public/config7/instance64/run1/stdout.log,2128.63,1971.87,92.6354,10597204,False,False,0,0,SATISFIABLE,"['approx', 'arb', 'int']",C: Approx,,,0,,False,53.048710459873000000000000000000000000000000000000000000000000000000000000000000000000000015,53.04871045987327,111869181327856632970982851835435663933423796501139456,53.048710459873000000000000000000000000000000000000000000000000000000000000000000000000000015,0,1.0,1.0
64,mc2026_track1_129.cnf,ganak-approx_MCC2026,Track1_MC_Public,OK,ok,mc,5.8762530678376255,5.87625307,752061,exact_arb_int,0.0,1.51070963e-29,145.057,158.07,705544,2026-06-24_22,,mc2026_track1_129.cnf,/projects/p_mcc/mc2026-track1-mc_competition/mc2026_track1_129.cnf.xz,ganak-approx_MCC2026,sat,"['exact', 'arb', 'int']",ganak-approx_MCC2026,../../../raw/step8_eval/barnard/mc2026_solvers/MC2026_Track1_Public/config7/instance65/run1/stdout.log,158.069,145.057,91.7682,705544,False,False,0,0,SATISFIABLE,"['approx', 'arb', 'int']",C: Approx,5.876253067838,752061,3,"d4,ganak,gpmc",False,5.8762530678380000000000000000000000000000000000000000000000000000000000000000000000000000005,5.8762530678376255,752061,5.8762530678380000000000000000000000000000000000000000000000000000000000000000000000000000005,0,0.0,1.0
65,mc2026_track1_131.cnf,ganak-approx_MCC2026,Track1_MC_Public,OK,ok,mc,8.526426915894412,8.52642692,336067810,exact_arb_int,0.0,2.8147799100000003e-25,1549.97,1673.49,1315088,2026-06-24_22,,mc2026_track1_131.cnf,/projects/p_mcc/mc2026-track1-mc_competition/mc2026_track1_131.cnf.xz,ganak-approx_MCC2026,sat,"['exact', 'arb', 'int']",ganak-approx_MCC2026,../../../raw/step8_eval/barnard/mc2026_solvers/MC2026_Track1_Public/config7/instance66/run1/stdout.log,1673.49,1549.97,92.6194,1315088,False,False,0,0,SATISFIABLE,"['approx', 'arb', 'int']",C: Approx,8.526426915894,336067810,2,"d4,ganak",False,8.5264269158939999999999999999999999999999999999999999999999999999999999999999999999999999999,8.526426915894412,336067810,8.5264269158939999999999999999999999999999999999999999999999999999999999999999999999999999999,0,0.0,1.0
66,mc2026_track1_133.cnf,ganak-approx_MCC2026,Track1_MC_Public,OK,ok,mc,6.101340075807833,6.10134008,1262816,exact_arb_int,0.0,4.16506882e-29,154.869,168.96,799336,2026-06-24_22,,mc2026_track1_133.cnf,/projects/p_mcc/mc2026-track1-mc_competition/mc2026_track1_133.cnf.xz,ganak-approx_MCC2026,sat,"['exact', 'arb', 'int']",ganak-approx_MCC2026,../../../raw/step8_eval/barnard/mc2026_solvers/MC2026_Track1_Public/config7/instance67/run1/stdout.log,168.957,154.869,91.6616,799336,False,False,0,0,SATISFIABLE,"['approx', 'arb', 'int']",C: Approx,6.101340075808,1262816,3,"d4,ganak,gpmc",False,6.1013400758079999999999999999999999999999999999999999999999999999999999999999999999999999998,6.101340075807833,1262816,6.1013400758079999999999999999999999999999999999999999999999999999999999999999999999999999998,0,0.0,1.0
67,mc2026_track1_135.cnf,ganak-approx_MCC2026,Track1_MC_Public,OK,ok,mc,1.1139433523068367,1.11394335,13,exact_arb_int,0.0,0.0,0.1397,0.14,0,2026-06-24_22,,mc2026_track1_135.cnf,/projects/p_mcc/mc2026-track1-mc_competition/mc2026_track1_135.cnf.xz,ganak-approx_MCC2026,sat,"['exact', 'arb', 'int']",ganak-approx_MCC2026,../../../raw/step8_eval/barnard/mc2026_solvers/MC2026_Track1_Public/config7/instance68/run1/stdout.log,0.141586,0.139691,98.6617,0,False,False,0,0,SATISFIABLE,"['approx', 'arb', 'int']",C: Approx,1.113943352307,13,3,"d4,ganak,gpmc",False,1.1139433523069999999999999999999999999999999999999999999999999999999999999999999999999999997,1.1139433523068367,13,1.1139433523069999999999999999999999999999999999999999999999999999999999999999999999999999997,0,0.0,1.0
68,mc2026_track1_137.cnf,ganak-approx_MCC2026,Track1_MC_Public,OK,ok,mc,1.255272505103306,1.25527251,18,exact_arb_int,0.0,0.0,6.0265,6.75,672916,2026-06-24_22,,mc2026_track1_137.cnf,/projects/p_mcc/mc2026-track1-mc_competition/mc2026_track1_137.cnf.xz,ganak-approx_MCC2026,sat,"['exact', 'arb', 'int']",ganak-approx_MCC2026,../../../raw/step8_eval/barnard/mc2026_solvers/MC2026_Track1_Public/config7/instance69/run1/stdout.log,6.74716,6.02653,89.3194,672916,False,False,0,0,SATISFIABLE,"['approx', 'arb', 'int']",C: Approx,1.255272505103,18,3,"d4,ganak,gpmc",False,1.2552725051029999999999999999999999999999999999999999999999999999999999999999999999999999998,1.255272505103306,18,1.2552725051029999999999999999999999999999999999999999999999999999999999999999999999999999998,0,0.0,1.0
69,mc2026_track1_139.cnf,ganak-approx_MCC2026,Track1_MC_Public,TLE,TLE,,,,nan,,,,3386.09,3600.61,24396480,2026-06-24_22,,mc2026_track1_139.cnf,/projects/p_mcc/mc2026-track1-mc_competition/mc2026_track1_139.cnf.xz,ganak-approx_MCC2026,unknown,,ganak-approx_MCC2026,../../../raw/step8_eval/barnard/mc2026_solvers/MC2026_Track1_Public/config7/instance70/run1/stdout.log,3600.61,3386.09,94.042,24396480,True,False,0,15,,"['approx', 'arb', 'int']",C: Approx,,,0,,False,,1178.612405378217,4.0964284927458399999999999999999999999999999999999999999999999999999999999999999999999999998e+1178,1178.6124053782170000000000000000000000000000000000000000000000000000000000000000000000000003,nan,,
70,mc2026_track1_141.cnf,ganak-approx_MCC2026,Track1_MC_Public,TLE,TLE,,,,nan,,,,3341.19,3600.07,2150176,2026-06-24_22,,mc2026_track1_141.cnf,/projects/p_mcc/mc2026-track1-mc_competition/mc2026_track1_141.cnf.xz,ganak-approx_MCC2026,unknown,,ganak-approx_MCC2026,../../../raw/step8_eval/barnard/mc2026_solvers/MC2026_Track1_Public/config7/instance71/run1/stdout.log,3600.07,3341.19,92.809,2150176,True,False,0,15,,"['approx', 'arb', 'int']",C: Approx,,,0,,False,,311715.65742006555,4.5438089802478600000000000000000000000000000000000000000000000000000000000000000000000000009e+311715,311715.65742006553600000000000000000000000000000000000000000000000000000000000000000000000005,nan,,
71,mc2026_track1_143.cnf,ganak-approx_MCC2026,Track1_MC_Public,TLE,TLE,,,,nan,,,,3581.34,3600.46,24367720,2026-06-24_22,,mc2026_track1_143.cnf,/projects/p_mcc/mc2026-track1-mc_competition/mc2026_track1_143.cnf.xz,ganak-approx_MCC2026,unknown,,ganak-approx_MCC2026,../../../raw/step8_eval/barnard/mc2026_solvers/MC2026_Track1_Public/config7/instance72/run1/stdout.log,3600.46,3581.34,99.469,24367720,True,False,0,15,,"['approx', 'arb', 'int']",C: Approx,,,0,,False,,1468.0496402985889,1.1210895349889400000000000000000000000000000000000000000000000000000000000000000000000000002e+1468,1468.0496402985890000000000000000000000000000000000000000000000000000000000000000000000000001,nan,,
72,mc2026_track1_145.cnf,ganak-approx_MCC2026,Track1_MC_Public,OK,ok,mc,0.0,0.0,1,exact_arb_int,0.0,0.0,282.364,314.76,559900,2026-06-24_22,,mc2026_track1_145.cnf,/projects/p_mcc/mc2026-track1-mc_competition/mc2026_track1_145.cnf.xz,ganak-approx_MCC2026,sat,"['exact', 'arb', 'int']",ganak-approx_MCC2026,../../../raw/step8_eval/barnard/mc2026_solvers/MC2026_Track1_Public/config7/instance73/run1/stdout.log,314.762,282.364,89.7072,559900,False,False,0,0,SATISFIABLE,"['approx', 'arb', 'int']",C: Approx,0.0,1,2,"d4,ganak",False,0.0,0.0,1,0.0,0,0.0,1.0
73,mc2026_track1_147.cnf,ganak-approx_MCC2026,Track1_MC_Public,OK,ok,mc,4.816479930623699,4.81647993,65536,exact_arb_int,0.0,1.24735475e-28,299.558,331.52,870776,2026-06-24_22,,mc2026_track1_147.cnf,/projects/p_mcc/mc2026-track1-mc_competition/mc2026_track1_147.cnf.xz,ganak-approx_MCC2026,sat,"['exact', 'arb', 'int']",ganak-approx_MCC2026,../../../raw/step8_eval/barnard/mc2026_solvers/MC2026_Track1_Public/config7/instance74/run1/stdout.log,331.518,299.558,90.3594,870776,False,False,0,0,SATISFIABLE,"['approx', 'arb', 'int']",C: Approx,4.816479930624,65536,3,"d4,ganak,gpmc",False,4.8164799306239999999999999999999999999999999999999999999999999999999999999999999999999999993,4.816479930623699,65536,4.8164799306239999999999999999999999999999999999999999999999999999999999999999999999999999993,0,0.0,1.0
74,mc2026_track1_149.cnf,ganak-approx_MCC2026,Track1_MC_Public,OK,ok,mc,0.6020599913279624,0.602059991,4,exact_arb_int,0.0,0.0,61.1092,61.47,543636,2026-06-24_22,,mc2026_track1_149.cnf,/projects/p_mcc/mc2026-track1-mc_competition/mc2026_track1_149.cnf.xz,ganak-approx_MCC2026,sat,"['exact', 'arb', 'int']",ganak-approx_MCC2026,../../../raw/step8_eval/barnard/mc2026_solvers/MC2026_Track1_Public/config7/instance75/run1/stdout.log,61.4664,61.1092,99.4188,543636,False,False,0,0,SATISFIABLE,"['approx', 'arb', 'int']",C: Approx,0.602059991328,4,3,"d4,ganak,gpmc",False,0.60205999132799999999999999999999999999999999999999999999999999999999999999999999999999999992,0.6020599913279624,4,0.60205999132799999999999999999999999999999999999999999999999999999999999999999999999999999992,0,0.0,1.0
75,mc2026_track1_151.cnf,ganak-approx_MCC2026,Track1_MC_Public,OK,ok,mc,4.816479930623699,4.81647993,65536,exact_arb_int,0.0,1.82805622e-28,249.169,265.91,822268,2026-06-24_22,,mc2026_track1_151.cnf,/projects/p_mcc/mc2026-track1-mc_competition/mc2026_track1_151.cnf.xz,ganak-approx_MCC2026,sat,"['exact', 'arb', 'int']",ganak-approx_MCC2026,../../../raw/step8_eval/barnard/mc2026_solvers/MC2026_Track1_Public/config7/instance76/run1/stdout.log,265.907,249.169,93.7054,822268,False,False,0,0,SATISFIABLE,"['approx', 'arb', 'int']",C: Approx,4.816479930624,65536,3,"d4,ganak,gpmc",False,4.8164799306239999999999999999999999999999999999999999999999999999999999999999999999999999993,4.816479930623699,65536,4.8164799306239999999999999999999999999999999999999999999999999999999999999999999999999999993,0,0.0,1.0
76,mc2026_track1_153.cnf,ganak-approx_MCC2026,Track1_MC_Public,OK,ok,mc,0.7781512503836436,0.77815125,6,exact_arb_int,0.0,0.0,0.0443,0.05,0,2026-06-24_22,,mc2026_track1_153.cnf,/projects/p_mcc/mc2026-track1-mc_competition/mc2026_track1_153.cnf.xz,ganak-approx_MCC2026,sat,"['exact', 'arb', 'int']",ganak-approx_MCC2026,../../../raw/step8_eval/barnard/mc2026_solvers/MC2026_Track1_Public/config7/instance77/run1/stdout.log,0.0459261,0.044291,96.4398,0,False,False,0,0,SATISFIABLE,"['approx', 'arb', 'int']",C: Approx,0.778151250384,6,3,"d4,ganak,gpmc",False,0.77815125038400000000000000000000000000000000000000000000000000000000000000000000000000000022,0.7781512503836436,6,0.77815125038400000000000000000000000000000000000000000000000000000000000000000000000000000022,0,0.0,1.0
77,mc2026_track1_155.cnf,ganak-approx_MCC2026,Track1_MC_Public,OK,ok,mc,20.490833325259928,20.4908333,309623079113133176160,exact_arb_int,0.0,3.8791313600000004e-37,0.0662,0.17,0,2026-06-24_22,,mc2026_track1_155.cnf,/projects/p_mcc/mc2026-track1-mc_competition/mc2026_track1_155.cnf.xz,ganak-approx_MCC2026,sat,"['exact', 'arb', 'int']",ganak-approx_MCC2026,../../../raw/step8_eval/barnard/mc2026_solvers/MC2026_Track1_Public/config7/instance78/run1/stdout.log,0.165072,0.066186,40.0952,0,False,False,0,0,SATISFIABLE,"['approx', 'arb', 'int']",C: Approx,20.49083332526,309623079113133176160,3,"d4,ganak,gpmc",False,20.490833325260000000000000000000000000000000000000000000000000000000000000000000000000000003,20.490833325259928,309623079113133176160,20.490833325260000000000000000000000000000000000000000000000000000000000000000000000000000003,0,0.0,1.0
78,mc2026_track1_157.cnf,ganak-approx_MCC2026,Track1_MC_Public,OK,ok,mc,124.09253639169324,124.092536,12374748797617855764050198121191304103511416559087400449928139456888070478909044293083079786511928252392690782684663014702600,exact_arb_int,0.0,6.28345812e-31,3.3689,3.93,517648,2026-06-24_22,,mc2026_track1_157.cnf,/projects/p_mcc/mc2026-track1-mc_competition/mc2026_track1_157.cnf.xz,ganak-approx_MCC2026,sat,"['exact', 'arb', 'int']",ganak-approx_MCC2026,../../../raw/step8_eval/barnard/mc2026_solvers/MC2026_Track1_Public/config7/instance79/run1/stdout.log,3.93072,3.3689,85.707,517648,False,False,0,0,SATISFIABLE,"['approx', 'arb', 'int']",C: Approx,124.092536391693,12374748797617855764050198121191304103511416559087400449928139456888070478909044293083079786511928252392690782684663014702600,3,"d4,ganak,gpmc",False,124.09253639169300000000000000000000000000000000000000000000000000000000000000000000000000002,124.09253639169324,12374748797617855764050198121191304103511416559087400449928139456888070478909044293083079786511928252392690782684663014702600,124.09253639169300000000000000000000000000000000000000000000000000000000000000000000000000002,0,0.0,1.0
79,mc2026_track1_159.cnf,ganak-approx_MCC2026,Track1_MC_Public,TLE,TLE,,,,nan,,,,3387.17,3600.2,4289536,2026-06-24_22,,mc2026_track1_159.cnf,/projects/p_mcc/mc2026-track1-mc_competition/mc2026_track1_159.cnf.xz,ganak-approx_MCC2026,unknown,,ganak-approx_MCC2026,../../../raw/step8_eval/barnard/mc2026_solvers/MC2026_Track1_Public/config7/instance80/run1/stdout.log,3600.2,3387.17,94.0828,4289536,True,False,0,15,,"['approx', 'arb', 'int']",C: Approx,,,0,,False,,962.693926133412,4.9422661974564100000000000000000000000000000000000000000000000000000000000000000000000000024e+962,962.69392613341199999999999999999999999999999999999999999999999999999999999999999999999999977,nan,,
80,mc2026_track1_161.cnf,ganak-approx_MCC2026,Track1_MC_Public,TLE,TLE,,,,nan,,,,3584.38,3600.41,5547816,2026-06-24_22,,mc2026_track1_161.cnf,/projects/p_mcc/mc2026-track1-mc_competition/mc2026_track1_161.cnf.xz,ganak-approx_MCC2026,unknown,,ganak-approx_MCC2026,../../../raw/step8_eval/barnard/mc2026_solvers/MC2026_Track1_Public/config7/instance81/run1/stdout.log,3600.41,3584.38,99.5548,5547816,True,False,0,15,,"['approx', 'arb', 'int']",C: Approx,,,0,,False,,2835.4090975714425,2.5650602550236900000000000000000000000000000000000000000000000000000000000000000000000000007e+2835,2835.4090975714429999999999999999999999999999999999999999999999999999999999999999999999999993,nan,,
81,mc2026_track1_163.cnf,ganak-approx_MCC2026,Track1_MC_Public,TLE,TLE,,,,nan,,,,3385.28,3600.61,18685208,2026-06-24_22,,mc2026_track1_163.cnf,/projects/p_mcc/mc2026-track1-mc_competition/mc2026_track1_163.cnf.xz,ganak-approx_MCC2026,unknown,,ganak-approx_MCC2026,../../../raw/step8_eval/barnard/mc2026_solvers/MC2026_Track1_Public/config7/instance82/run1/stdout.log,3600.61,3385.28,94.0194,18685208,True,False,0,15,,"['approx', 'arb', 'int']",C: Approx,,,0,,False,,208.93491792237467,8.6083104773374300000000000000000000000000000000000000000000000000000000000000000000000000032e+208,208.934917922375,nan,,
82,mc2026_track1_165.cnf,ganak-approx_MCC2026,Track1_MC_Public,OK,ok,mc,119.91757215266436,119.917572,827126914074712907626444988267313552940369174325059447388893813943139993694017715239201510664949457710414429770651533312,approx_arb_int,0.8,0.2,1894.89,2016.54,21216488,2026-06-24_22,,mc2026_track1_165.cnf,/projects/p_mcc/mc2026-track1-mc_competition/mc2026_track1_165.cnf.xz,ganak-approx_MCC2026,sat,"['approx', 'arb', 'int']",ganak-approx_MCC2026,../../../raw/step8_eval/barnard/mc2026_solvers/MC2026_Track1_Public/config7/instance83/run1/stdout.log,2016.54,1894.89,93.9671,21216488,False,False,0,0,SATISFIABLE,"['approx', 'arb', 'int']",C: Approx,,,0,,False,119.917572152664,119.91757215266436,827126914074712907626444988267313552940369174325059447388893813943139993694017715239201510664949457710414429770651533312,119.917572152664,0,1.0,1.0
83,mc2026_track1_167.cnf,ganak-approx_MCC2026,Track1_MC_Public,OK,ok,mc,1.0,1.0,10,exact_arb_int,0.0,0.0,0.0198,0.02,0,2026-06-24_22,,mc2026_track1_167.cnf,/projects/p_mcc/mc2026-track1-mc_competition/mc2026_track1_167.cnf.xz,ganak-approx_MCC2026,sat,"['exact', 'arb', 'int']",ganak-approx_MCC2026,../../../raw/step8_eval/barnard/mc2026_solvers/MC2026_Track1_Public/config7/instance84/run1/stdout.log,0.0206079,0.019759,95.8806,0,False,False,0,0,SATISFIABLE,"['approx', 'arb', 'int']",C: Approx,1.0,10,3,"d4,ganak,gpmc",False,1.0,1.0,10,1.0,0,0.0,1.0
84,mc2026_track1_169.cnf,ganak-approx_MCC2026,Track1_MC_Public,OK,ok,mc,21.368734276392296,21.3687343,2337406655942795198464,exact_arb_int,0.0,6.59562218e-24,1041.46,1108.66,3816316,2026-06-24_22,,mc2026_track1_169.cnf,/projects/p_mcc/mc2026-track1-mc_competition/mc2026_track1_169.cnf.xz,ganak-approx_MCC2026,sat,"['exact', 'arb', 'int']",ganak-approx_MCC2026,../../../raw/step8_eval/barnard/mc2026_solvers/MC2026_Track1_Public/config7/instance85/run1/stdout.log,1108.66,1041.46,93.9392,3816316,False,False,0,0,SATISFIABLE,"['approx', 'arb', 'int']",C: Approx,21.368734276392,2337406655942795198464,3,"d4,ganak,gpmc",False,21.368734276392,21.368734276392296,2337406655942795198464,21.368734276392,0,0.0,1.0
85,mc2026_track1_171.cnf,ganak-approx_MCC2026,Track1_MC_Public,OK,ok,mc,6.2558140703005485,6.25581407,1802246,approx_arb_int,0.8,0.2,2270.38,2284.99,881148,2026-06-24_22,,mc2026_track1_171.cnf,/projects/p_mcc/mc2026-track1-mc_competition/mc2026_track1_171.cnf.xz,ganak-approx_MCC2026,sat,"['approx', 'arb', 'int']",ganak-approx_MCC2026,../../../raw/step8_eval/barnard/mc2026_solvers/MC2026_Track1_Public/config7/instance86/run1/stdout.log,2284.99,2270.38,99.3606,881148,False,False,0,0,SATISFIABLE,"['approx', 'arb', 'int']",C: Approx,6.261300228409,1825157,1,ganak,False,6.2558140703010000000000000000000000000000000000000000000000000000000000000000000000000000011,6.261300228409464,1825157,6.2613002284089999999999999999999999999999999999999999999999999999999999999999999999999999995,22911,0.98744711000000000000000000000000000000000000000000000000000000000000000000000000000000000004,1.0
86,mc2026_track1_173.cnf,ganak-approx_MCC2026,Track1_MC_Public,OK,ok,mc,6.318016979904836,6.31801698,2079778,exact_arb_int,0.0,3.11653503e-26,385.142,387.72,916580,2026-06-24_22,,mc2026_track1_173.cnf,/projects/p_mcc/mc2026-track1-mc_competition/mc2026_track1_173.cnf.xz,ganak-approx_MCC2026,sat,"['exact', 'arb', 'int']",ganak-approx_MCC2026,../../../raw/step8_eval/barnard/mc2026_solvers/MC2026_Track1_Public/config7/instance87/run1/stdout.log,387.724,385.142,99.334,916580,False,False,0,0,SATISFIABLE,"['approx', 'arb', 'int']",C: Approx,6.318016979905,2079778,3,"d4,ganak,gpmc",False,6.3180169799050000000000000000000000000000000000000000000000000000000000000000000000000000017,6.318016979904836,2079778,6.3180169799050000000000000000000000000000000000000000000000000000000000000000000000000000017,0,0.0,1.0
87,mc2026_track1_175.cnf,ganak-approx_MCC2026,Track1_MC_Public,TLE,TLE,,,,nan,,,,3580.03,3600.71,20465208,2026-06-24_22,,mc2026_track1_175.cnf,/projects/p_mcc/mc2026-track1-mc_competition/mc2026_track1_175.cnf.xz,ganak-approx_MCC2026,unknown,,ganak-approx_MCC2026,../../../raw/step8_eval/barnard/mc2026_solvers/MC2026_Track1_Public/config7/instance88/run1/stdout.log,3600.71,3580.03,99.4257,20465208,True,False,0,15,,"['approx', 'arb', 'int']",C: Approx,,,0,,False,,177.43269833198607,2.7083097423545900000000000000000000000000000000000000000000000000000000000000000000000000004e+177,177.43269833198600000000000000000000000000000000000000000000000000000000000000000000000000005,nan,,
88,mc2026_track1_177.cnf,ganak-approx_MCC2026,Track1_MC_Public,TLE,TLE,,,,nan,,,,3581.68,3600.48,14231372,2026-06-24_22,,mc2026_track1_177.cnf,/projects/p_mcc/mc2026-track1-mc_competition/mc2026_track1_177.cnf.xz,ganak-approx_MCC2026,unknown,,ganak-approx_MCC2026,../../../raw/step8_eval/barnard/mc2026_solvers/MC2026_Track1_Public/config7/instance89/run1/stdout.log,3600.48,3581.68,99.4777,14231372,True,False,0,15,,"['approx', 'arb', 'int']",C: Approx,,,0,,False,,196.90739810349297,8.0797533535306800000000000000000000000000000000000000000000000000000000000000000000000000026e+196,196.90739810349299999999999999999999999999999999999999999999999999999999999999999999999999996,nan,,
89,mc2026_track1_179.cnf,ganak-approx_MCC2026,Track1_MC_Public,OK,ok,mc,59.281101297102985,59.2811013,191029877462537146700207540332399230969482128038712836096000,exact_arb_int,0.0,1.88337759e-30,0.7835,1.29,583264,2026-06-24_22,,mc2026_track1_179.cnf,/projects/p_mcc/mc2026-track1-mc_competition/mc2026_track1_179.cnf.xz,ganak-approx_MCC2026,sat,"['exact', 'arb', 'int']",ganak-approx_MCC2026,../../../raw/step8_eval/barnard/mc2026_solvers/MC2026_Track1_Public/config7/instance90/run1/stdout.log,1.29372,0.783517,60.5632,583264,False,False,0,0,SATISFIABLE,"['approx', 'arb', 'int']",C: Approx,59.281101297103,191029877462537146700207540332399230969482128038712836096000,3,"d4,ganak,gpmc",False,59.281101297103000000000000000000000000000000000000000000000000000000000000000000000000000002,59.281101297102985,191029877462537146700207540332399230969482128038712836096000,59.281101297103000000000000000000000000000000000000000000000000000000000000000000000000000002,0,0.0,1.0
90,mc2026_track1_181.cnf,ganak-approx_MCC2026,Track1_MC_Public,TLE,TLE,,,,nan,,,,3397.27,3600.02,764880,2026-06-24_22,,mc2026_track1_181.cnf,/projects/p_mcc/mc2026-track1-mc_competition/mc2026_track1_181.cnf.xz,ganak-approx_MCC2026,unknown,,ganak-approx_MCC2026,../../../raw/step8_eval/barnard/mc2026_solvers/MC2026_Track1_Public/config7/instance91/run1/stdout.log,3600.02,3397.27,94.3681,764880,True,False,0,15,,"['approx', 'arb', 'int']",C: Approx,,,0,,False,,813.6840782797411,4.8314587919054399999999999999999999999999999999999999999999999999999999999999999999999999994e+813,813.68407827974100000000000000000000000000000000000000000000000000000000000000000000000000023,nan,,
91,mc2026_track1_183.cnf,ganak-approx_MCC2026,Track1_MC_Public,TLE,TLE,,,,nan,,,,3381.44,3600.1,737912,2026-06-24_22,,mc2026_track1_183.cnf,/projects/p_mcc/mc2026-track1-mc_competition/mc2026_track1_183.cnf.xz,ganak-approx_MCC2026,unknown,,ganak-approx_MCC2026,../../../raw/step8_eval/barnard/mc2026_solvers/MC2026_Track1_Public/config7/instance92/run1/stdout.log,3600.1,3381.44,93.9262,737912,True,False,0,15,,"['approx', 'arb', 'int']",C: Approx,,,0,,False,,63.21714649357204,1648718433409730000000000000000000000000000000000000000000000000.0,63.217146493571999999999999999999999999999999999999999999999999999999999999999999999999999993,nan,,
92,mc2026_track1_185.cnf,ganak-approx_MCC2026,Track1_MC_Public,TLE,TLE,,,,nan,,,,3324.82,3600.16,745492,2026-06-24_22,,mc2026_track1_185.cnf,/projects/p_mcc/mc2026-track1-mc_competition/mc2026_track1_185.cnf.xz,ganak-approx_MCC2026,unknown,,ganak-approx_MCC2026,../../../raw/step8_eval/barnard/mc2026_solvers/MC2026_Track1_Public/config7/instance93/run1/stdout.log,3600.16,3324.82,92.3522,745492,True,False,0,15,,"['approx', 'arb', 'int']",C: Approx,,,0,,False,,294.4073357593736,2.5546755962044400000000000000000000000000000000000000000000000000000000000000000000000000003e+294,294.40733575937399999999999999999999999999999999999999999999999999999999999999999999999999999,nan,,
93,mc2026_track1_187.cnf,ganak-approx_MCC2026,Track1_MC_Public,OK,ok,mc,8.127809882927492,8.12780988,134217728,exact_arb_int,0.0,1.3885970600000002e-29,26.135,28.72,632260,2026-06-24_22,,mc2026_track1_187.cnf,/projects/p_mcc/mc2026-track1-mc_competition/mc2026_track1_187.cnf.xz,ganak-approx_MCC2026,sat,"['exact', 'arb', 'int']",ganak-approx_MCC2026,../../../raw/step8_eval/barnard/mc2026_solvers/MC2026_Track1_Public/config7/instance94/run1/stdout.log,28.7187,26.135,91.0034,632260,False,False,0,0,SATISFIABLE,"['approx', 'arb', 'int']",C: Approx,8.127809882927,134217728,3,"d4,ganak,gpmc",False,8.1278098829269999999999999999999999999999999999999999999999999999999999999999999999999999963,8.127809882927492,134217728,8.1278098829269999999999999999999999999999999999999999999999999999999999999999999999999999963,0,0.0,1.0
94,mc2026_track1_189.cnf,ganak-approx_MCC2026,Track1_MC_Public,TLE,TLE,,,,nan,,,,3323.16,3600.02,769060,2026-06-24_22,,mc2026_track1_189.cnf,/projects/p_mcc/mc2026-track1-mc_competition/mc2026_track1_189.cnf.xz,ganak-approx_MCC2026,unknown,,ganak-approx_MCC2026,../../../raw/step8_eval/barnard/mc2026_solvers/MC2026_Track1_Public/config7/instance95/run1/stdout.log,3600.02,3323.16,92.3096,769060,True,False,0,15,,"['approx', 'arb', 'int']",C: Approx,,,0,,False,,130.34598812250383,2.2181357552966500000000000000000000000000000000000000000000000000000000000000000000000000002e+130,130.34598812250400000000000000000000000000000000000000000000000000000000000000000000000000002,nan,,
95,mc2026_track1_191.cnf,ganak-approx_MCC2026,Track1_MC_Public,TLE,TLE,,,,nan,,,,3325.8,3600.02,851304,2026-06-24_22,,mc2026_track1_191.cnf,/projects/p_mcc/mc2026-track1-mc_competition/mc2026_track1_191.cnf.xz,ganak-approx_MCC2026,unknown,,ganak-approx_MCC2026,../../../raw/step8_eval/barnard/mc2026_solvers/MC2026_Track1_Public/config7/instance96/run1/stdout.log,3600.02,3325.8,92.3827,851304,True,False,0,15,,"['approx', 'arb', 'int']",C: Approx,,,0,,False,,,nan,,nan,,
96,mc2026_track1_193.cnf,ganak-approx_MCC2026,Track1_MC_Public,TLE,TLE,,,,nan,,,,3321.08,3600.04,1209508,2026-06-24_22,,mc2026_track1_193.cnf,/projects/p_mcc/mc2026-track1-mc_competition/mc2026_track1_193.cnf.xz,ganak-approx_MCC2026,unknown,,ganak-approx_MCC2026,../../../raw/step8_eval/barnard/mc2026_solvers/MC2026_Track1_Public/config7/instance97/run1/stdout.log,3600.04,3321.08,92.2512,1209508,True,False,0,15,,"['approx', 'arb', 'int']",C: Approx,,,0,,False,,,nan,,nan,,
97,mc2026_track1_195.cnf,ganak-approx_MCC2026,Track1_MC_Public,TLE,TLE,,,,nan,,,,3321.05,3600.06,1276064,2026-06-24_22,,mc2026_track1_195.cnf,/projects/p_mcc/mc2026-track1-mc_competition/mc2026_track1_195.cnf.xz,ganak-approx_MCC2026,unknown,,ganak-approx_MCC2026,../../../raw/step8_eval/barnard/mc2026_solvers/MC2026_Track1_Public/config7/instance98/run1/stdout.log,3600.06,3321.05,92.25,1276064,True,False,0,15,,"['approx', 'arb', 'int']",C: Approx,,,0,,False,,,nan,,nan,,
98,mc2026_track1_197.cnf,ganak-approx_MCC2026,Track1_MC_Public,TLE,TLE,,,,nan,,,,3323.24,3600.05,1052672,2026-06-24_22,,mc2026_track1_197.cnf,/projects/p_mcc/mc2026-track1-mc_competition/mc2026_track1_197.cnf.xz,ganak-approx_MCC2026,unknown,,ganak-approx_MCC2026,../../../raw/step8_eval/barnard/mc2026_solvers/MC2026_Track1_Public/config7/instance99/run1/stdout.log,3600.05,3323.24,92.3108,1052672,True,False,0,15,,"['approx', 'arb', 'int']",C: Approx,,,0,,False,,1181.241702985462,1.7446285911585899999999999999999999999999999999999999999999999999999999999999999999999999996e+1181,1181.241702985462,nan,,
99,mc2026_track1_199.cnf,ganak-approx_MCC2026,Track1_MC_Public,TLE,TLE,,,,nan,,,,3321.58,3600.05,1141536,2026-06-24_22,,mc2026_track1_199.cnf,/projects/p_mcc/mc2026-track1-mc_competition/mc2026_track1_199.cnf.xz,ganak-approx_MCC2026,unknown,,ganak-approx_MCC2026,../../../raw/step8_eval/barnard/mc2026_solvers/MC2026_Track1_Public/config7/instance100/run1/stdout.log,3600.05,3321.58,92.2648,1141536,True,False,0,15,,"['approx', 'arb', 'int']",C: Approx,,,0,,False,,,nan,,nan,,
